candidate,perf_status,quality_status,quality_policy,promotable,case,width,height,avg_wall_ms,baseline_avg_wall_ms,wall_delta_pct,speedup,avg_pass_count,baseline_avg_pass_count,pass_count_delta,threadgroup,diffusion_group_size,scanner_image_storage,blur_backend,blur_downsample,intermediate_precision,diffusion_cluster_sigma,halation_grouped_tail,scanner_mps,grain_blur_recurrence,dir_tail_backend,source_format,destination_format,host_layout
baseline,OK,PASSED,exact,1,default-final,1920,1080,15.433,15.433,0.0,1.0,5.0,5.0,0.0,auto,1,buffer,custom,off,float,off,0.0,0.0,0.0,fused,float,float,contiguous
baseline,OK,PASSED,exact,1,production-grain,1920,1080,47.325,47.325,0.0,1.0,11.0,11.0,0.0,auto,1,buffer,custom,off,float,off,0.0,0.0,0.0,fused,float,float,contiguous
baseline,OK,PASSED,exact,1,enlarged-production-grain,1920,1080,49.646,49.646,0.0,1.0,12.0,12.0,0.0,auto,1,buffer,custom,off,float,off,0.0,0.0,0.0,fused,float,float,contiguous
baseline,OK,PASSED,exact,1,production-grain-no-sublayers,1920,1080,26.692,26.692,0.0,1.0,9.0,9.0,0.0,auto,1,buffer,custom,off,float,off,0.0,0.0,0.0,fused,float,float,contiguous
baseline,OK,PASSED,exact,1,production-grain-no-blur,1920,1080,21.036,21.036,0.0,1.0,7.0,7.0,0.0,auto,1,buffer,custom,off,float,off,0.0,0.0,0.0,fused,float,float,contiguous
baseline,OK,PASSED,exact,1,auto-exposure,1920,1080,8.926,8.926,0.0,1.0,4.0,4.0,0.0,auto,1,buffer,custom,off,float,off,0.0,0.0,0.0,fused,float,float,contiguous
baseline,OK,PASSED,exact,1,halation-only,1920,1080,22.782,22.782,0.0,1.0,21.0,21.0,0.0,auto,1,buffer,custom,off,float,off,0.0,0.0,0.0,fused,float,float,contiguous
baseline,OK,PASSED,exact,1,halation-boost,1920,1080,24.119,24.119,0.0,1.0,24.0,24.0,0.0,auto,1,buffer,custom,off,float,off,0.0,0.0,0.0,fused,float,float,contiguous
baseline,OK,PASSED,exact,1,camera-diffusion-only,1920,1080,353.074,353.074,0.0,1.0,60.0,60.0,0.0,auto,1,buffer,custom,off,float,off,0.0,0.0,0.0,fused,float,float,contiguous
baseline,OK,PASSED,exact,1,print-diffusion-only,1920,1080,352.058,352.058,0.0,1.0,61.0,61.0,0.0,auto,1,buffer,custom,off,float,off,0.0,0.0,0.0,fused,float,float,contiguous
baseline,OK,PASSED,exact,1,dir-only,1920,1080,35.391,35.391,0.0,1.0,8.0,8.0,0.0,auto,1,buffer,custom,off,float,off,0.0,0.0,0.0,fused,float,float,contiguous
baseline,OK,PASSED,exact,1,scanner-only,1920,1080,7.017,7.017,0.0,1.0,9.0,9.0,0.0,auto,1,buffer,custom,off,float,off,0.0,0.0,0.0,fused,float,float,contiguous
baseline,OK,PASSED,exact,1,scanner-glare,1920,1080,10.772,10.772,0.0,1.0,9.0,9.0,0.0,auto,1,buffer,custom,off,float,off,0.0,0.0,0.0,fused,float,float,contiguous
baseline,OK,PASSED,exact,1,all-effects,1920,1080,512.973,512.973,0.0,1.0,83.0,83.0,0.0,auto,1,buffer,custom,off,float,off,0.0,0.0,0.0,fused,float,float,contiguous
baseline,OK,PASSED,exact,1,default-final,3840,2160,66.583,66.583,0.0,1.0,5.0,5.0,0.0,auto,1,buffer,custom,off,float,off,0.0,0.0,0.0,fused,float,float,contiguous
baseline,OK,PASSED,exact,1,production-grain,3840,2160,188.371,188.371,0.0,1.0,11.0,11.0,0.0,auto,1,buffer,custom,off,float,off,0.0,0.0,0.0,fused,float,float,contiguous
baseline,OK,PASSED,exact,1,enlarged-production-grain,3840,2160,217.23,217.23,0.0,1.0,12.0,12.0,0.0,auto,1,buffer,custom,off,float,off,0.0,0.0,0.0,fused,float,float,contiguous
baseline,OK,PASSED,exact,1,production-grain-no-sublayers,3840,2160,106.684,106.684,0.0,1.0,9.0,9.0,0.0,auto,1,buffer,custom,off,float,off,0.0,0.0,0.0,fused,float,float,contiguous
baseline,OK,PASSED,exact,1,production-grain-no-blur,3840,2160,83.888,83.888,0.0,1.0,7.0,7.0,0.0,auto,1,buffer,custom,off,float,off,0.0,0.0,0.0,fused,float,float,contiguous
baseline,OK,PASSED,exact,1,auto-exposure,3840,2160,32.709,32.709,0.0,1.0,4.0,4.0,0.0,auto,1,buffer,custom,off,float,off,0.0,0.0,0.0,fused,float,float,contiguous
baseline,OK,PASSED,exact,1,halation-only,3840,2160,127.204,127.204,0.0,1.0,21.0,21.0,0.0,auto,1,buffer,custom,off,float,off,0.0,0.0,0.0,fused,float,float,contiguous
baseline,OK,PASSED,exact,1,halation-boost,3840,2160,135.76,135.76,0.0,1.0,24.0,24.0,0.0,auto,1,buffer,custom,off,float,off,0.0,0.0,0.0,fused,float,float,contiguous
baseline,OK,PASSED,exact,1,camera-diffusion-only,3840,2160,2106.555,2106.555,0.0,1.0,60.0,60.0,0.0,auto,1,buffer,custom,off,float,off,0.0,0.0,0.0,fused,float,float,contiguous
baseline,OK,PASSED,exact,1,print-diffusion-only,3840,2160,2101.795,2101.795,0.0,1.0,61.0,61.0,0.0,auto,1,buffer,custom,off,float,off,0.0,0.0,0.0,fused,float,float,contiguous
baseline,OK,PASSED,exact,1,dir-only,3840,2160,255.129,255.129,0.0,1.0,8.0,8.0,0.0,auto,1,buffer,custom,off,float,off,0.0,0.0,0.0,fused,float,float,contiguous
baseline,OK,PASSED,exact,1,scanner-only,3840,2160,26.603,26.603,0.0,1.0,9.0,9.0,0.0,auto,1,buffer,custom,off,float,off,0.0,0.0,0.0,fused,float,float,contiguous
baseline,OK,PASSED,exact,1,scanner-glare,3840,2160,40.018,40.018,0.0,1.0,9.0,9.0,0.0,auto,1,buffer,custom,off,float,off,0.0,0.0,0.0,fused,float,float,contiguous
baseline,OK,PASSED,exact,1,all-effects,3840,2160,3410.765,3410.765,0.0,1.0,83.0,83.0,0.0,auto,1,buffer,custom,off,float,off,0.0,0.0,0.0,fused,float,float,contiguous
round2-mixed-dg2-recurrence--downsample-auto-cluster-010-dir-mps,OK,PASSED,report_only,0,default-final,1920,1080,15.888,15.433,2.9482278234951083,0.9713620342396777,5.0,5.0,0.0,auto,2,buffer,custom,auto,float,0.10,0.0,0.0,1.0,mps,float,float,contiguous
round2-mixed-dg2-recurrence--downsample-auto-cluster-010-dir-mps,OK,PASSED,report_only,0,production-grain,1920,1080,49.165,47.325,3.8880084521922793,0.9625750025424591,11.0,11.0,0.0,auto,2,buffer,custom,auto,float,0.10,0.0,0.0,1.0,mps,float,float,contiguous
round2-mixed-dg2-recurrence--downsample-auto-cluster-010-dir-mps,OK,PASSED,report_only,0,enlarged-production-grain,1920,1080,48.674,49.646,-1.9578616605567443,1.0199695936228788,12.0,12.0,0.0,auto,2,buffer,custom,auto,float,0.10,0.0,0.0,1.0,mps,float,float,contiguous
round2-mixed-dg2-recurrence--downsample-auto-cluster-010-dir-mps,OK,PASSED,report_only,0,production-grain-no-sublayers,1920,1080,26.433,26.692,-0.9703281882211913,1.0097983581129648,9.0,9.0,0.0,auto,2,buffer,custom,auto,float,0.10,0.0,0.0,1.0,mps,float,float,contiguous
round2-mixed-dg2-recurrence--downsample-auto-cluster-010-dir-mps,OK,PASSED,report_only,0,production-grain-no-blur,1920,1080,20.908,21.036,-0.6084806997528053,1.0061220585421848,7.0,7.0,0.0,auto,2,buffer,custom,auto,float,0.10,0.0,0.0,1.0,mps,float,float,contiguous
round2-mixed-dg2-recurrence--downsample-auto-cluster-010-dir-mps,OK,PASSED,report_only,0,auto-exposure,1920,1080,8.95,8.926,0.2688774367017604,0.99731843575419,4.0,4.0,0.0,auto,2,buffer,custom,auto,float,0.10,0.0,0.0,1.0,mps,float,float,contiguous
round2-mixed-dg2-recurrence--downsample-auto-cluster-010-dir-mps,OK,PASSED,report_only,0,halation-only,1920,1080,22.789,22.782,0.030726011763679437,0.999692834262144,21.0,21.0,0.0,auto,2,buffer,custom,auto,float,0.10,0.0,0.0,1.0,mps,float,float,contiguous
round2-mixed-dg2-recurrence--downsample-auto-cluster-010-dir-mps,OK,PASSED,report_only,0,halation-boost,1920,1080,24.033,24.119,-0.35656536340643696,1.003578413015437,24.0,24.0,0.0,auto,2,buffer,custom,auto,float,0.10,0.0,0.0,1.0,mps,float,float,contiguous
round2-mixed-dg2-recurrence--downsample-auto-cluster-010-dir-mps,OK,PASSED,report_only,0,camera-diffusion-only,1920,1080,35.437,353.074,-89.96329381376141,9.9634280554223,34.0,60.0,-26.0,auto,2,buffer,custom,auto,float,0.10,0.0,0.0,1.0,mps,float,float,contiguous
round2-mixed-dg2-recurrence--downsample-auto-cluster-010-dir-mps,OK,PASSED,report_only,0,print-diffusion-only,1920,1080,36.111,352.058,-89.74288327491493,9.749328459472183,35.0,61.0,-26.0,auto,2,buffer,custom,auto,float,0.10,0.0,0.0,1.0,mps,float,float,contiguous
round2-mixed-dg2-recurrence--downsample-auto-cluster-010-dir-mps,OK,PASSED,report_only,0,dir-only,1920,1080,14.692,35.391,-58.486620892317255,2.4088619656956167,13.0,8.0,5.0,auto,2,buffer,custom,auto,float,0.10,0.0,0.0,1.0,mps,float,float,contiguous
round2-mixed-dg2-recurrence--downsample-auto-cluster-010-dir-mps,OK,PASSED,report_only,0,scanner-only,1920,1080,7.185,7.017,2.394185549380066,0.9766179540709813,9.0,9.0,0.0,auto,2,buffer,custom,auto,float,0.10,0.0,0.0,1.0,mps,float,float,contiguous
round2-mixed-dg2-recurrence--downsample-auto-cluster-010-dir-mps,OK,PASSED,report_only,0,scanner-glare,1920,1080,10.799,10.772,0.2506498329001044,0.9974997684970831,9.0,9.0,0.0,auto,2,buffer,custom,auto,float,0.10,0.0,0.0,1.0,mps,float,float,contiguous
round2-mixed-dg2-recurrence--downsample-auto-cluster-010-dir-mps,OK,PASSED,report_only,0,all-effects,1920,1080,83.191,512.973,-83.78257725065451,6.166207883064273,62.0,83.0,-21.0,auto,2,buffer,custom,auto,float,0.10,0.0,0.0,1.0,mps,float,float,contiguous
round2-mixed-dg2-recurrence--downsample-auto-cluster-010-dir-mps,OK,PASSED,report_only,0,default-final,3840,2160,58.716,66.583,-11.815328236937352,1.133983922610532,5.0,5.0,0.0,auto,2,buffer,custom,auto,float,0.10,0.0,0.0,1.0,mps,float,float,contiguous
round2-mixed-dg2-recurrence--downsample-auto-cluster-010-dir-mps,OK,PASSED,report_only,0,production-grain,3840,2160,191.364,188.371,1.5888857626704718,0.9843596496728747,11.0,11.0,0.0,auto,2,buffer,custom,auto,float,0.10,0.0,0.0,1.0,mps,float,float,contiguous
round2-mixed-dg2-recurrence--downsample-auto-cluster-010-dir-mps,OK,PASSED,report_only,0,enlarged-production-grain,3840,2160,198.484,217.23,-8.62956313584679,1.0944458999214042,12.0,12.0,0.0,auto,2,buffer,custom,auto,float,0.10,0.0,0.0,1.0,mps,float,float,contiguous
round2-mixed-dg2-recurrence--downsample-auto-cluster-010-dir-mps,OK,PASSED,report_only,0,production-grain-no-sublayers,3840,2160,103.425,106.684,-3.054816092384988,1.0315107565868986,9.0,9.0,0.0,auto,2,buffer,custom,auto,float,0.10,0.0,0.0,1.0,mps,float,float,contiguous
round2-mixed-dg2-recurrence--downsample-auto-cluster-010-dir-mps,OK,PASSED,report_only,0,production-grain-no-blur,3840,2160,81.842,83.888,-2.438966240701896,1.0249993890667384,7.0,7.0,0.0,auto,2,buffer,custom,auto,float,0.10,0.0,0.0,1.0,mps,float,float,contiguous
round2-mixed-dg2-recurrence--downsample-auto-cluster-010-dir-mps,OK,PASSED,report_only,0,auto-exposure,3840,2160,32.883,32.709,0.531963679721176,0.9947085119970805,4.0,4.0,0.0,auto,2,buffer,custom,auto,float,0.10,0.0,0.0,1.0,mps,float,float,contiguous
round2-mixed-dg2-recurrence--downsample-auto-cluster-010-dir-mps,OK,PASSED,report_only,0,halation-only,3840,2160,131.022,127.204,3.001477940945252,0.97085985559677,21.0,21.0,0.0,auto,2,buffer,custom,auto,float,0.10,0.0,0.0,1.0,mps,float,float,contiguous
round2-mixed-dg2-recurrence--downsample-auto-cluster-010-dir-mps,OK,PASSED,report_only,0,halation-boost,3840,2160,132.405,135.76,-2.471272834413664,1.0253389222461387,24.0,24.0,0.0,auto,2,buffer,custom,auto,float,0.10,0.0,0.0,1.0,mps,float,float,contiguous
round2-mixed-dg2-recurrence--downsample-auto-cluster-010-dir-mps,OK,PASSED,report_only,0,camera-diffusion-only,3840,2160,164.878,2106.555,-92.17309778287299,12.776446827351132,36.0,60.0,-24.0,auto,2,buffer,custom,auto,float,0.10,0.0,0.0,1.0,mps,float,float,contiguous
round2-mixed-dg2-recurrence--downsample-auto-cluster-010-dir-mps,OK,PASSED,report_only,0,print-diffusion-only,3840,2160,162.636,2101.795,-92.2620426825642,12.923307262844636,37.0,61.0,-24.0,auto,2,buffer,custom,auto,float,0.10,0.0,0.0,1.0,mps,float,float,contiguous
round2-mixed-dg2-recurrence--downsample-auto-cluster-010-dir-mps,OK,PASSED,report_only,0,dir-only,3840,2160,55.839,255.129,-78.11342497324883,4.569010906355773,13.0,8.0,5.0,auto,2,buffer,custom,auto,float,0.10,0.0,0.0,1.0,mps,float,float,contiguous
round2-mixed-dg2-recurrence--downsample-auto-cluster-010-dir-mps,OK,PASSED,report_only,0,scanner-only,3840,2160,29.003,26.603,9.021538924181478,0.9172499396614144,9.0,9.0,0.0,auto,2,buffer,custom,auto,float,0.10,0.0,0.0,1.0,mps,float,float,contiguous
round2-mixed-dg2-recurrence--downsample-auto-cluster-010-dir-mps,OK,PASSED,report_only,0,scanner-glare,3840,2160,41.869,40.018,4.6254185616472565,0.9557906804557071,9.0,9.0,0.0,auto,2,buffer,custom,auto,float,0.10,0.0,0.0,1.0,mps,float,float,contiguous
round2-mixed-dg2-recurrence--downsample-auto-cluster-010-dir-mps,OK,PASSED,report_only,0,all-effects,3840,2160,367.021,3410.765,-89.23933487062286,9.293105844079767,64.0,83.0,-19.0,auto,2,buffer,custom,auto,float,0.10,0.0,0.0,1.0,mps,float,float,contiguous
round2-mixed-dg2-recurrence-tg32x8--downsample-auto-cluster-010-dir-mps,OK,PASSED,report_only,0,default-final,1920,1080,15.227,15.433,-1.3348020475604194,1.013528600512248,5.0,5.0,0.0,32x8,2,buffer,custom,auto,float,0.10,0.0,0.0,1.0,mps,float,float,contiguous
round2-mixed-dg2-recurrence-tg32x8--downsample-auto-cluster-010-dir-mps,OK,PASSED,report_only,0,production-grain,1920,1080,52.138,47.325,10.170100369783402,0.9076872914189268,11.0,11.0,0.0,32x8,2,buffer,custom,auto,float,0.10,0.0,0.0,1.0,mps,float,float,contiguous
round2-mixed-dg2-recurrence-tg32x8--downsample-auto-cluster-010-dir-mps,OK,PASSED,report_only,0,enlarged-production-grain,1920,1080,48.084,49.646,-3.1462756314708087,1.0324848182347557,12.0,12.0,0.0,32x8,2,buffer,custom,auto,float,0.10,0.0,0.0,1.0,mps,float,float,contiguous
round2-mixed-dg2-recurrence-tg32x8--downsample-auto-cluster-010-dir-mps,OK,PASSED,report_only,0,production-grain-no-sublayers,1920,1080,26.319,26.692,-1.397422448673764,1.0141722709829402,9.0,9.0,0.0,32x8,2,buffer,custom,auto,float,0.10,0.0,0.0,1.0,mps,float,float,contiguous
round2-mixed-dg2-recurrence-tg32x8--downsample-auto-cluster-010-dir-mps,OK,PASSED,report_only,0,production-grain-no-blur,1920,1080,21.089,21.036,0.2519490397413827,0.9974868414813411,7.0,7.0,0.0,32x8,2,buffer,custom,auto,float,0.10,0.0,0.0,1.0,mps,float,float,contiguous
round2-mixed-dg2-recurrence-tg32x8--downsample-auto-cluster-010-dir-mps,OK,PASSED,report_only,0,auto-exposure,1920,1080,9.168,8.926,2.7111808200761716,0.9736038394415358,4.0,4.0,0.0,32x8,2,buffer,custom,auto,float,0.10,0.0,0.0,1.0,mps,float,float,contiguous
round2-mixed-dg2-recurrence-tg32x8--downsample-auto-cluster-010-dir-mps,OK,PASSED,report_only,0,halation-only,1920,1080,23.391,22.782,2.6731630234395496,0.9739643452609978,21.0,21.0,0.0,32x8,2,buffer,custom,auto,float,0.10,0.0,0.0,1.0,mps,float,float,contiguous
round2-mixed-dg2-recurrence-tg32x8--downsample-auto-cluster-010-dir-mps,OK,PASSED,report_only,0,halation-boost,1920,1080,24.523,24.119,1.6750279862349182,0.9835256697793908,24.0,24.0,0.0,32x8,2,buffer,custom,auto,float,0.10,0.0,0.0,1.0,mps,float,float,contiguous
round2-mixed-dg2-recurrence-tg32x8--downsample-auto-cluster-010-dir-mps,OK,PASSED,report_only,0,camera-diffusion-only,1920,1080,35.406,353.074,-89.97207384287714,9.972151612721008,34.0,60.0,-26.0,32x8,2,buffer,custom,auto,float,0.10,0.0,0.0,1.0,mps,float,float,contiguous
round2-mixed-dg2-recurrence-tg32x8--downsample-auto-cluster-010-dir-mps,OK,PASSED,report_only,0,print-diffusion-only,1920,1080,35.519,352.058,-89.91103738588528,9.911821841831133,35.0,61.0,-26.0,32x8,2,buffer,custom,auto,float,0.10,0.0,0.0,1.0,mps,float,float,contiguous
round2-mixed-dg2-recurrence-tg32x8--downsample-auto-cluster-010-dir-mps,OK,PASSED,report_only,0,dir-only,1920,1080,14.132,35.391,-60.06894408182871,2.5043164449476367,13.0,8.0,5.0,32x8,2,buffer,custom,auto,float,0.10,0.0,0.0,1.0,mps,float,float,contiguous
round2-mixed-dg2-recurrence-tg32x8--downsample-auto-cluster-010-dir-mps,OK,PASSED,report_only,0,scanner-only,1920,1080,7.001,7.017,-0.22801767136953136,1.0022853878017426,9.0,9.0,0.0,32x8,2,buffer,custom,auto,float,0.10,0.0,0.0,1.0,mps,float,float,contiguous
round2-mixed-dg2-recurrence-tg32x8--downsample-auto-cluster-010-dir-mps,OK,PASSED,report_only,0,scanner-glare,1920,1080,10.58,10.772,-1.7823988117341272,1.018147448015123,9.0,9.0,0.0,32x8,2,buffer,custom,auto,float,0.10,0.0,0.0,1.0,mps,float,float,contiguous
round2-mixed-dg2-recurrence-tg32x8--downsample-auto-cluster-010-dir-mps,OK,PASSED,report_only,0,all-effects,1920,1080,83.536,512.973,-83.71532224892928,6.140741716146332,62.0,83.0,-21.0,32x8,2,buffer,custom,auto,float,0.10,0.0,0.0,1.0,mps,float,float,contiguous
round2-mixed-dg2-recurrence-tg32x8--downsample-auto-cluster-010-dir-mps,OK,PASSED,report_only,0,default-final,3840,2160,60.935,66.583,-8.48264572037907,1.0926889308279313,5.0,5.0,0.0,32x8,2,buffer,custom,auto,float,0.10,0.0,0.0,1.0,mps,float,float,contiguous
round2-mixed-dg2-recurrence-tg32x8--downsample-auto-cluster-010-dir-mps,OK,PASSED,report_only,0,production-grain,3840,2160,185.67,188.371,-1.4338725175319034,1.0145473151289923,11.0,11.0,0.0,32x8,2,buffer,custom,auto,float,0.10,0.0,0.0,1.0,mps,float,float,contiguous
round2-mixed-dg2-recurrence-tg32x8--downsample-auto-cluster-010-dir-mps,OK,PASSED,report_only,0,enlarged-production-grain,3840,2160,197.927,217.23,-8.885973392257055,1.0975258554921763,12.0,12.0,0.0,32x8,2,buffer,custom,auto,float,0.10,0.0,0.0,1.0,mps,float,float,contiguous
round2-mixed-dg2-recurrence-tg32x8--downsample-auto-cluster-010-dir-mps,OK,PASSED,report_only,0,production-grain-no-sublayers,3840,2160,103.141,106.684,-3.321022833789502,1.0343510340213882,9.0,9.0,0.0,32x8,2,buffer,custom,auto,float,0.10,0.0,0.0,1.0,mps,float,float,contiguous
round2-mixed-dg2-recurrence-tg32x8--downsample-auto-cluster-010-dir-mps,OK,PASSED,report_only,0,production-grain-no-blur,3840,2160,83.269,83.888,-0.7378886133892806,1.0074337388463894,7.0,7.0,0.0,32x8,2,buffer,custom,auto,float,0.10,0.0,0.0,1.0,mps,float,float,contiguous
round2-mixed-dg2-recurrence-tg32x8--downsample-auto-cluster-010-dir-mps,OK,PASSED,report_only,0,auto-exposure,3840,2160,33.142,32.709,1.323794674248677,0.9869350069398346,4.0,4.0,0.0,32x8,2,buffer,custom,auto,float,0.10,0.0,0.0,1.0,mps,float,float,contiguous
round2-mixed-dg2-recurrence-tg32x8--downsample-auto-cluster-010-dir-mps,OK,PASSED,report_only,0,halation-only,3840,2160,126.858,127.204,-0.27200402503065113,1.0027274590487,21.0,21.0,0.0,32x8,2,buffer,custom,auto,float,0.10,0.0,0.0,1.0,mps,float,float,contiguous
round2-mixed-dg2-recurrence-tg32x8--downsample-auto-cluster-010-dir-mps,OK,PASSED,report_only,0,halation-boost,3840,2160,134.377,135.76,-1.0187094873305698,1.0102919398408952,24.0,24.0,0.0,32x8,2,buffer,custom,auto,float,0.10,0.0,0.0,1.0,mps,float,float,contiguous
round2-mixed-dg2-recurrence-tg32x8--downsample-auto-cluster-010-dir-mps,OK,PASSED,report_only,0,camera-diffusion-only,3840,2160,161.938,2106.555,-92.31266214269269,13.008404451086218,36.0,60.0,-24.0,32x8,2,buffer,custom,auto,float,0.10,0.0,0.0,1.0,mps,float,float,contiguous
round2-mixed-dg2-recurrence-tg32x8--downsample-auto-cluster-010-dir-mps,OK,PASSED,report_only,0,print-diffusion-only,3840,2160,164.797,2101.795,-92.15922580460986,12.753842606358127,37.0,61.0,-24.0,32x8,2,buffer,custom,auto,float,0.10,0.0,0.0,1.0,mps,float,float,contiguous
round2-mixed-dg2-recurrence-tg32x8--downsample-auto-cluster-010-dir-mps,OK,PASSED,report_only,0,dir-only,3840,2160,53.738,255.129,-78.93692994524338,4.747645986080613,13.0,8.0,5.0,32x8,2,buffer,custom,auto,float,0.10,0.0,0.0,1.0,mps,float,float,contiguous
round2-mixed-dg2-recurrence-tg32x8--downsample-auto-cluster-010-dir-mps,OK,PASSED,report_only,0,scanner-only,3840,2160,25.606,26.603,-3.747697628087057,1.0389361868312115,9.0,9.0,0.0,32x8,2,buffer,custom,auto,float,0.10,0.0,0.0,1.0,mps,float,float,contiguous
round2-mixed-dg2-recurrence-tg32x8--downsample-auto-cluster-010-dir-mps,OK,PASSED,report_only,0,scanner-glare,3840,2160,39.459,40.018,-1.396871407866454,1.0141666033097645,9.0,9.0,0.0,32x8,2,buffer,custom,auto,float,0.10,0.0,0.0,1.0,mps,float,float,contiguous
round2-mixed-dg2-recurrence-tg32x8--downsample-auto-cluster-010-dir-mps,OK,PASSED,report_only,0,all-effects,3840,2160,365.368,3410.765,-89.28779907146931,9.33514976681045,64.0,83.0,-19.0,32x8,2,buffer,custom,auto,float,0.10,0.0,0.0,1.0,mps,float,float,contiguous
round2-mixed-dg2-recurrence--downsample-auto-cluster-005-dir-mps,OK,PASSED,report_only,0,default-final,1920,1080,16.009,15.433,3.732262035897107,0.9640202386157786,5.0,5.0,0.0,auto,2,buffer,custom,auto,float,0.05,0.0,0.0,1.0,mps,float,float,contiguous
round2-mixed-dg2-recurrence--downsample-auto-cluster-005-dir-mps,OK,PASSED,report_only,0,production-grain,1920,1080,47.861,47.325,1.1325937665081758,0.9888009026138193,11.0,11.0,0.0,auto,2,buffer,custom,auto,float,0.05,0.0,0.0,1.0,mps,float,float,contiguous
round2-mixed-dg2-recurrence--downsample-auto-cluster-005-dir-mps,OK,PASSED,report_only,0,enlarged-production-grain,1920,1080,47.917,49.646,-3.4826572130685234,1.0360832272471148,12.0,12.0,0.0,auto,2,buffer,custom,auto,float,0.05,0.0,0.0,1.0,mps,float,float,contiguous
round2-mixed-dg2-recurrence--downsample-auto-cluster-005-dir-mps,OK,PASSED,report_only,0,production-grain-no-sublayers,1920,1080,26.439,26.692,-0.947849542934213,1.0095691970195544,9.0,9.0,0.0,auto,2,buffer,custom,auto,float,0.05,0.0,0.0,1.0,mps,float,float,contiguous
round2-mixed-dg2-recurrence--downsample-auto-cluster-005-dir-mps,OK,PASSED,report_only,0,production-grain-no-blur,1920,1080,21.05,21.036,0.0665525765354599,0.9993349168646081,7.0,7.0,0.0,auto,2,buffer,custom,auto,float,0.05,0.0,0.0,1.0,mps,float,float,contiguous
round2-mixed-dg2-recurrence--downsample-auto-cluster-005-dir-mps,OK,PASSED,report_only,0,auto-exposure,1920,1080,9.05,8.926,1.3892000896258183,0.9862983425414364,4.0,4.0,0.0,auto,2,buffer,custom,auto,float,0.05,0.0,0.0,1.0,mps,float,float,contiguous
round2-mixed-dg2-recurrence--downsample-auto-cluster-005-dir-mps,OK,PASSED,report_only,0,halation-only,1920,1080,22.796,22.782,0.06145202352734328,0.9993858571679243,21.0,21.0,0.0,auto,2,buffer,custom,auto,float,0.05,0.0,0.0,1.0,mps,float,float,contiguous
round2-mixed-dg2-recurrence--downsample-auto-cluster-005-dir-mps,OK,PASSED,report_only,0,halation-boost,1920,1080,24.183,24.119,0.26535096811642295,0.9973535127982467,24.0,24.0,0.0,auto,2,buffer,custom,auto,float,0.05,0.0,0.0,1.0,mps,float,float,contiguous
round2-mixed-dg2-recurrence--downsample-auto-cluster-005-dir-mps,OK,PASSED,report_only,0,camera-diffusion-only,1920,1080,43.02,353.074,-87.81558540136064,8.207205950720594,36.0,60.0,-24.0,auto,2,buffer,custom,auto,float,0.05,0.0,0.0,1.0,mps,float,float,contiguous
round2-mixed-dg2-recurrence--downsample-auto-cluster-005-dir-mps,OK,PASSED,report_only,0,print-diffusion-only,1920,1080,43.846,352.058,-87.54580211215197,8.029421155863705,37.0,61.0,-24.0,auto,2,buffer,custom,auto,float,0.05,0.0,0.0,1.0,mps,float,float,contiguous
round2-mixed-dg2-recurrence--downsample-auto-cluster-005-dir-mps,OK,PASSED,report_only,0,dir-only,1920,1080,14.48,35.391,-59.0856432426323,2.4441298342541433,13.0,8.0,5.0,auto,2,buffer,custom,auto,float,0.05,0.0,0.0,1.0,mps,float,float,contiguous
round2-mixed-dg2-recurrence--downsample-auto-cluster-005-dir-mps,OK,PASSED,report_only,0,scanner-only,1920,1080,6.868,7.017,-2.1234145646287588,1.0216948165404776,9.0,9.0,0.0,auto,2,buffer,custom,auto,float,0.05,0.0,0.0,1.0,mps,float,float,contiguous
round2-mixed-dg2-recurrence--downsample-auto-cluster-005-dir-mps,OK,PASSED,report_only,0,scanner-glare,1920,1080,10.456,10.772,-2.933531377645755,1.0302218821729152,9.0,9.0,0.0,auto,2,buffer,custom,auto,float,0.05,0.0,0.0,1.0,mps,float,float,contiguous
round2-mixed-dg2-recurrence--downsample-auto-cluster-005-dir-mps,OK,PASSED,report_only,0,all-effects,1920,1080,90.729,512.973,-82.31310419846659,5.653903382600932,64.0,83.0,-19.0,auto,2,buffer,custom,auto,float,0.05,0.0,0.0,1.0,mps,float,float,contiguous
round2-mixed-dg2-recurrence--downsample-auto-cluster-005-dir-mps,OK,PASSED,report_only,0,default-final,3840,2160,58.473,66.583,-12.180286259255364,1.1386964923982008,5.0,5.0,0.0,auto,2,buffer,custom,auto,float,0.05,0.0,0.0,1.0,mps,float,float,contiguous
round2-mixed-dg2-recurrence--downsample-auto-cluster-005-dir-mps,OK,PASSED,report_only,0,production-grain,3840,2160,195.063,188.371,3.552563823518471,0.9656931350384236,11.0,11.0,0.0,auto,2,buffer,custom,auto,float,0.05,0.0,0.0,1.0,mps,float,float,contiguous
round2-mixed-dg2-recurrence--downsample-auto-cluster-005-dir-mps,OK,PASSED,report_only,0,enlarged-production-grain,3840,2160,198.028,217.23,-8.839478893338857,1.096966085604056,12.0,12.0,0.0,auto,2,buffer,custom,auto,float,0.05,0.0,0.0,1.0,mps,float,float,contiguous
round2-mixed-dg2-recurrence--downsample-auto-cluster-005-dir-mps,OK,PASSED,report_only,0,production-grain-no-sublayers,3840,2160,104.225,106.684,-2.3049379475835208,1.0235931878148237,9.0,9.0,0.0,auto,2,buffer,custom,auto,float,0.05,0.0,0.0,1.0,mps,float,float,contiguous
round2-mixed-dg2-recurrence--downsample-auto-cluster-005-dir-mps,OK,PASSED,report_only,0,production-grain-no-blur,3840,2160,81.626,83.888,-2.696452412740798,1.0277117585083184,7.0,7.0,0.0,auto,2,buffer,custom,auto,float,0.05,0.0,0.0,1.0,mps,float,float,contiguous
round2-mixed-dg2-recurrence--downsample-auto-cluster-005-dir-mps,OK,PASSED,report_only,0,auto-exposure,3840,2160,33.952,32.709,3.8001773212265584,0.963389491046183,4.0,4.0,0.0,auto,2,buffer,custom,auto,float,0.05,0.0,0.0,1.0,mps,float,float,contiguous
round2-mixed-dg2-recurrence--downsample-auto-cluster-005-dir-mps,OK,PASSED,report_only,0,halation-only,3840,2160,128.325,127.204,0.8812615955473061,0.991264367816092,21.0,21.0,0.0,auto,2,buffer,custom,auto,float,0.05,0.0,0.0,1.0,mps,float,float,contiguous
round2-mixed-dg2-recurrence--downsample-auto-cluster-005-dir-mps,OK,PASSED,report_only,0,halation-boost,3840,2160,132.627,135.76,-2.307748968768401,1.0236226409403815,24.0,24.0,0.0,auto,2,buffer,custom,auto,float,0.05,0.0,0.0,1.0,mps,float,float,contiguous
round2-mixed-dg2-recurrence--downsample-auto-cluster-005-dir-mps,OK,PASSED,report_only,0,camera-diffusion-only,3840,2160,184.634,2106.555,-91.23526326158111,11.409355806622832,38.0,60.0,-22.0,auto,2,buffer,custom,auto,float,0.05,0.0,0.0,1.0,mps,float,float,contiguous
round2-mixed-dg2-recurrence--downsample-auto-cluster-005-dir-mps,OK,PASSED,report_only,0,print-diffusion-only,3840,2160,186.652,2101.795,-91.11940032210562,11.260500825064828,39.0,61.0,-22.0,auto,2,buffer,custom,auto,float,0.05,0.0,0.0,1.0,mps,float,float,contiguous
round2-mixed-dg2-recurrence--downsample-auto-cluster-005-dir-mps,OK,PASSED,report_only,0,dir-only,3840,2160,53.712,255.129,-78.94712086826662,4.749944146559428,13.0,8.0,5.0,auto,2,buffer,custom,auto,float,0.05,0.0,0.0,1.0,mps,float,float,contiguous
round2-mixed-dg2-recurrence--downsample-auto-cluster-005-dir-mps,OK,PASSED,report_only,0,scanner-only,3840,2160,25.107,26.603,-5.623425929406466,1.05958497630143,9.0,9.0,0.0,auto,2,buffer,custom,auto,float,0.05,0.0,0.0,1.0,mps,float,float,contiguous
round2-mixed-dg2-recurrence--downsample-auto-cluster-005-dir-mps,OK,PASSED,report_only,0,scanner-glare,3840,2160,39.417,40.018,-1.501824179119394,1.0152472283532485,9.0,9.0,0.0,auto,2,buffer,custom,auto,float,0.05,0.0,0.0,1.0,mps,float,float,contiguous
round2-mixed-dg2-recurrence--downsample-auto-cluster-005-dir-mps,OK,PASSED,report_only,0,all-effects,3840,2160,391.128,3410.765,-88.53254328574381,8.720329406230185,66.0,83.0,-17.0,auto,2,buffer,custom,auto,float,0.05,0.0,0.0,1.0,mps,float,float,contiguous
round2-mixed-dg2-recurrence-tg32x8--downsample-auto-cluster-005-dir-mps,OK,PASSED,report_only,0,default-final,1920,1080,15.132,15.433,-1.9503660986198417,1.0198916204070843,5.0,5.0,0.0,32x8,2,buffer,custom,auto,float,0.05,0.0,0.0,1.0,mps,float,float,contiguous
round2-mixed-dg2-recurrence-tg32x8--downsample-auto-cluster-005-dir-mps,OK,PASSED,report_only,0,production-grain,1920,1080,46.158,47.325,-2.4659270998415246,1.0252827245547902,11.0,11.0,0.0,32x8,2,buffer,custom,auto,float,0.05,0.0,0.0,1.0,mps,float,float,contiguous
round2-mixed-dg2-recurrence-tg32x8--downsample-auto-cluster-005-dir-mps,OK,PASSED,report_only,0,enlarged-production-grain,1920,1080,49.774,49.646,0.25782540385932423,0.9974283762606984,12.0,12.0,0.0,32x8,2,buffer,custom,auto,float,0.05,0.0,0.0,1.0,mps,float,float,contiguous
round2-mixed-dg2-recurrence-tg32x8--downsample-auto-cluster-005-dir-mps,OK,PASSED,report_only,0,production-grain-no-sublayers,1920,1080,29.562,26.692,10.752285328937514,0.9029159055544279,9.0,9.0,0.0,32x8,2,buffer,custom,auto,float,0.05,0.0,0.0,1.0,mps,float,float,contiguous
round2-mixed-dg2-recurrence-tg32x8--downsample-auto-cluster-005-dir-mps,OK,PASSED,report_only,0,production-grain-no-blur,1920,1080,20.838,21.036,-0.9412435824301216,1.009501871580766,7.0,7.0,0.0,32x8,2,buffer,custom,auto,float,0.05,0.0,0.0,1.0,mps,float,float,contiguous
round2-mixed-dg2-recurrence-tg32x8--downsample-auto-cluster-005-dir-mps,OK,PASSED,report_only,0,auto-exposure,1920,1080,8.991,8.926,0.7282097244006217,0.9927705483261039,4.0,4.0,0.0,32x8,2,buffer,custom,auto,float,0.05,0.0,0.0,1.0,mps,float,float,contiguous
round2-mixed-dg2-recurrence-tg32x8--downsample-auto-cluster-005-dir-mps,OK,PASSED,report_only,0,halation-only,1920,1080,22.767,22.782,-0.06584145377930194,1.0006588483331138,21.0,21.0,0.0,32x8,2,buffer,custom,auto,float,0.05,0.0,0.0,1.0,mps,float,float,contiguous
round2-mixed-dg2-recurrence-tg32x8--downsample-auto-cluster-005-dir-mps,OK,PASSED,report_only,0,halation-boost,1920,1080,24.066,24.119,-0.219743770471416,1.002202277071387,24.0,24.0,0.0,32x8,2,buffer,custom,auto,float,0.05,0.0,0.0,1.0,mps,float,float,contiguous
round2-mixed-dg2-recurrence-tg32x8--downsample-auto-cluster-005-dir-mps,OK,PASSED,report_only,0,camera-diffusion-only,1920,1080,42.083,353.074,-88.08096886205158,8.38994368272224,36.0,60.0,-24.0,32x8,2,buffer,custom,auto,float,0.05,0.0,0.0,1.0,mps,float,float,contiguous
round2-mixed-dg2-recurrence-tg32x8--downsample-auto-cluster-005-dir-mps,OK,PASSED,report_only,0,print-diffusion-only,1920,1080,42.216,352.058,-88.00879400553318,8.339444760280461,37.0,61.0,-24.0,32x8,2,buffer,custom,auto,float,0.05,0.0,0.0,1.0,mps,float,float,contiguous
round2-mixed-dg2-recurrence-tg32x8--downsample-auto-cluster-005-dir-mps,OK,PASSED,report_only,0,dir-only,1920,1080,14.101,35.391,-60.15653697267667,2.509821998439827,13.0,8.0,5.0,32x8,2,buffer,custom,auto,float,0.05,0.0,0.0,1.0,mps,float,float,contiguous
round2-mixed-dg2-recurrence-tg32x8--downsample-auto-cluster-005-dir-mps,OK,PASSED,report_only,0,scanner-only,1920,1080,6.984,7.017,-0.4702864471996631,1.004725085910653,9.0,9.0,0.0,32x8,2,buffer,custom,auto,float,0.05,0.0,0.0,1.0,mps,float,float,contiguous
round2-mixed-dg2-recurrence-tg32x8--downsample-auto-cluster-005-dir-mps,OK,PASSED,report_only,0,scanner-glare,1920,1080,10.564,10.772,-1.930932046045304,1.0196895115486557,9.0,9.0,0.0,32x8,2,buffer,custom,auto,float,0.05,0.0,0.0,1.0,mps,float,float,contiguous
round2-mixed-dg2-recurrence-tg32x8--downsample-auto-cluster-005-dir-mps,OK,PASSED,report_only,0,all-effects,1920,1080,92.474,512.973,-81.97293034916068,5.547213270757185,64.0,83.0,-19.0,32x8,2,buffer,custom,auto,float,0.05,0.0,0.0,1.0,mps,float,float,contiguous
round2-mixed-dg2-recurrence-tg32x8--downsample-auto-cluster-005-dir-mps,OK,PASSED,report_only,0,default-final,3840,2160,58.481,66.583,-12.168271180331311,1.1385407226278619,5.0,5.0,0.0,32x8,2,buffer,custom,auto,float,0.05,0.0,0.0,1.0,mps,float,float,contiguous
round2-mixed-dg2-recurrence-tg32x8--downsample-auto-cluster-005-dir-mps,OK,PASSED,report_only,0,production-grain,3840,2160,188.05,188.371,-0.1704083961968657,1.0017069928210582,11.0,11.0,0.0,32x8,2,buffer,custom,auto,float,0.05,0.0,0.0,1.0,mps,float,float,contiguous
round2-mixed-dg2-recurrence-tg32x8--downsample-auto-cluster-005-dir-mps,OK,PASSED,report_only,0,enlarged-production-grain,3840,2160,194.436,217.23,-10.493025825162263,1.1172313769055113,12.0,12.0,0.0,32x8,2,buffer,custom,auto,float,0.05,0.0,0.0,1.0,mps,float,float,contiguous
round2-mixed-dg2-recurrence-tg32x8--downsample-auto-cluster-005-dir-mps,OK,PASSED,report_only,0,production-grain-no-sublayers,3840,2160,105.639,106.684,-0.9795283266469215,1.009892179971412,9.0,9.0,0.0,32x8,2,buffer,custom,auto,float,0.05,0.0,0.0,1.0,mps,float,float,contiguous
round2-mixed-dg2-recurrence-tg32x8--downsample-auto-cluster-005-dir-mps,OK,PASSED,report_only,0,production-grain-no-blur,3840,2160,87.844,83.888,4.715811558268154,0.9549656208733666,7.0,7.0,0.0,32x8,2,buffer,custom,auto,float,0.05,0.0,0.0,1.0,mps,float,float,contiguous
round2-mixed-dg2-recurrence-tg32x8--downsample-auto-cluster-005-dir-mps,OK,PASSED,report_only,0,auto-exposure,3840,2160,33.104,32.709,1.2076186982176036,0.9880679072015468,4.0,4.0,0.0,32x8,2,buffer,custom,auto,float,0.05,0.0,0.0,1.0,mps,float,float,contiguous
round2-mixed-dg2-recurrence-tg32x8--downsample-auto-cluster-005-dir-mps,OK,PASSED,report_only,0,halation-only,3840,2160,127.739,127.204,0.42058425835666396,0.9958117724422454,21.0,21.0,0.0,32x8,2,buffer,custom,auto,float,0.05,0.0,0.0,1.0,mps,float,float,contiguous
round2-mixed-dg2-recurrence-tg32x8--downsample-auto-cluster-005-dir-mps,OK,PASSED,report_only,0,halation-boost,3840,2160,132.536,135.76,-2.3747790218031746,1.0243254662884045,24.0,24.0,0.0,32x8,2,buffer,custom,auto,float,0.05,0.0,0.0,1.0,mps,float,float,contiguous
round2-mixed-dg2-recurrence-tg32x8--downsample-auto-cluster-005-dir-mps,OK,PASSED,report_only,0,camera-diffusion-only,3840,2160,186.114,2106.555,-91.16500637296438,11.318627292949481,38.0,60.0,-22.0,32x8,2,buffer,custom,auto,float,0.05,0.0,0.0,1.0,mps,float,float,contiguous
round2-mixed-dg2-recurrence-tg32x8--downsample-auto-cluster-005-dir-mps,OK,PASSED,report_only,0,print-diffusion-only,3840,2160,184.874,2101.795,-91.20399468073718,11.368797126691694,39.0,61.0,-22.0,32x8,2,buffer,custom,auto,float,0.05,0.0,0.0,1.0,mps,float,float,contiguous
round2-mixed-dg2-recurrence-tg32x8--downsample-auto-cluster-005-dir-mps,OK,PASSED,report_only,0,dir-only,3840,2160,54.655,255.129,-78.57750392938473,4.667990119842649,13.0,8.0,5.0,32x8,2,buffer,custom,auto,float,0.05,0.0,0.0,1.0,mps,float,float,contiguous
round2-mixed-dg2-recurrence-tg32x8--downsample-auto-cluster-005-dir-mps,OK,PASSED,report_only,0,scanner-only,3840,2160,26.636,26.603,0.12404616020748674,0.9987610752365221,9.0,9.0,0.0,32x8,2,buffer,custom,auto,float,0.05,0.0,0.0,1.0,mps,float,float,contiguous
round2-mixed-dg2-recurrence-tg32x8--downsample-auto-cluster-005-dir-mps,OK,PASSED,report_only,0,scanner-glare,3840,2160,40.575,40.018,1.391873656854421,0.9862723351817622,9.0,9.0,0.0,32x8,2,buffer,custom,auto,float,0.05,0.0,0.0,1.0,mps,float,float,contiguous
round2-mixed-dg2-recurrence-tg32x8--downsample-auto-cluster-005-dir-mps,OK,PASSED,report_only,0,all-effects,3840,2160,390.758,3410.765,-88.54339129198289,8.728586490871589,66.0,83.0,-17.0,32x8,2,buffer,custom,auto,float,0.05,0.0,0.0,1.0,mps,float,float,contiguous
round2-quality-fail-sentinel,OK,FAILED TEST,report_only,0,default-final,1920,1080,15.324,15.433,-0.706278753320806,1.0071130253197598,5.0,5.0,0.0,auto,2,buffer,custom,auto,float,0.10,0.0,0.0,1.0,fused,float,float,contiguous
round2-quality-fail-sentinel,OK,FAILED TEST,report_only,0,production-grain,1920,1080,46.852,47.325,-0.9994717379820519,1.0100956202510032,11.0,11.0,0.0,auto,2,buffer,custom,auto,float,0.10,0.0,0.0,1.0,fused,float,float,contiguous
round2-quality-fail-sentinel,OK,FAILED TEST,report_only,0,enlarged-production-grain,1920,1080,47.836,49.646,-3.6458123514482583,1.0378376118404549,12.0,12.0,0.0,auto,2,buffer,custom,auto,float,0.10,0.0,0.0,1.0,fused,float,float,contiguous
round2-quality-fail-sentinel,OK,FAILED TEST,report_only,0,production-grain-no-sublayers,1920,1080,27.012,26.692,1.1988610819721275,0.9881534132977936,9.0,9.0,0.0,auto,2,buffer,custom,auto,float,0.10,0.0,0.0,1.0,fused,float,float,contiguous
round2-quality-fail-sentinel,OK,FAILED TEST,report_only,0,production-grain-no-blur,1920,1080,21.667,21.036,2.9996196995626554,0.9708773711173674,7.0,7.0,0.0,auto,2,buffer,custom,auto,float,0.10,0.0,0.0,1.0,fused,float,float,contiguous
round2-quality-fail-sentinel,OK,FAILED TEST,report_only,0,auto-exposure,1920,1080,9.245,8.926,3.573829262827684,0.965494862087615,4.0,4.0,0.0,auto,2,buffer,custom,auto,float,0.10,0.0,0.0,1.0,fused,float,float,contiguous
round2-quality-fail-sentinel,OK,FAILED TEST,report_only,0,halation-only,1920,1080,23.163,22.782,1.672372925994207,0.9835513534516255,21.0,21.0,0.0,auto,2,buffer,custom,auto,float,0.10,0.0,0.0,1.0,fused,float,float,contiguous
round2-quality-fail-sentinel,OK,FAILED TEST,report_only,0,halation-boost,1920,1080,24.092,24.119,-0.11194493967412009,1.0011207039681222,24.0,24.0,0.0,auto,2,buffer,custom,auto,float,0.10,0.0,0.0,1.0,fused,float,float,contiguous
round2-quality-fail-sentinel,OK,FAILED TEST,report_only,0,camera-diffusion-only,1920,1080,35.384,353.074,-89.97830483128182,9.978351797422564,34.0,60.0,-26.0,auto,2,buffer,custom,auto,float,0.10,0.0,0.0,1.0,fused,float,float,contiguous
round2-quality-fail-sentinel,OK,FAILED TEST,report_only,0,print-diffusion-only,1920,1080,35.563,352.058,-89.89853944520505,9.899558529932795,35.0,61.0,-26.0,auto,2,buffer,custom,auto,float,0.10,0.0,0.0,1.0,fused,float,float,contiguous
round2-quality-fail-sentinel,OK,FAILED TEST,report_only,0,dir-only,1920,1080,35.473,35.391,0.23169732417846556,0.9976883827136132,8.0,8.0,0.0,auto,2,buffer,custom,auto,float,0.10,0.0,0.0,1.0,fused,float,float,contiguous
round2-quality-fail-sentinel,OK,FAILED TEST,report_only,0,scanner-only,1920,1080,6.863,7.017,-2.194670086931736,1.0224391665452426,9.0,9.0,0.0,auto,2,buffer,custom,auto,float,0.10,0.0,0.0,1.0,fused,float,float,contiguous
round2-quality-fail-sentinel,OK,FAILED TEST,report_only,0,scanner-glare,1920,1080,10.416,10.772,-3.30486446342369,1.034178187403994,9.0,9.0,0.0,auto,2,buffer,custom,auto,float,0.10,0.0,0.0,1.0,fused,float,float,contiguous
round2-quality-fail-sentinel,OK,FAILED TEST,report_only,0,all-effects,1920,1080,117.562,512.973,-77.08222460051503,4.36342525646042,57.0,83.0,-26.0,auto,2,buffer,custom,auto,float,0.10,0.0,0.0,1.0,fused,float,float,contiguous
round2-quality-fail-sentinel,OK,FAILED TEST,report_only,0,default-final,3840,2160,58.597,66.583,-11.99405253593259,1.13628684062324,5.0,5.0,0.0,auto,2,buffer,custom,auto,float,0.10,0.0,0.0,1.0,fused,float,float,contiguous
round2-quality-fail-sentinel,OK,FAILED TEST,report_only,0,production-grain,3840,2160,187.055,188.371,-0.6986213376793681,1.0070353639303948,11.0,11.0,0.0,auto,2,buffer,custom,auto,float,0.10,0.0,0.0,1.0,fused,float,float,contiguous
round2-quality-fail-sentinel,OK,FAILED TEST,report_only,0,enlarged-production-grain,3840,2160,194.494,217.23,-10.466326013902313,1.1168982076567915,12.0,12.0,0.0,auto,2,buffer,custom,auto,float,0.10,0.0,0.0,1.0,fused,float,float,contiguous
round2-quality-fail-sentinel,OK,FAILED TEST,report_only,0,production-grain-no-sublayers,3840,2160,104.577,106.684,-1.9749915638708704,1.0201478336536713,9.0,9.0,0.0,auto,2,buffer,custom,auto,float,0.10,0.0,0.0,1.0,fused,float,float,contiguous
round2-quality-fail-sentinel,OK,FAILED TEST,report_only,0,production-grain-no-blur,3840,2160,81.618,83.888,-2.705988937631139,1.0278124923423755,7.0,7.0,0.0,auto,2,buffer,custom,auto,float,0.10,0.0,0.0,1.0,fused,float,float,contiguous
round2-quality-fail-sentinel,OK,FAILED TEST,report_only,0,auto-exposure,3840,2160,34.298,32.709,4.857990155614658,0.9536707679748091,4.0,4.0,0.0,auto,2,buffer,custom,auto,float,0.10,0.0,0.0,1.0,fused,float,float,contiguous
round2-quality-fail-sentinel,OK,FAILED TEST,report_only,0,halation-only,3840,2160,131.042,127.204,3.0172007169585924,0.9707116802246607,21.0,21.0,0.0,auto,2,buffer,custom,auto,float,0.10,0.0,0.0,1.0,fused,float,float,contiguous
round2-quality-fail-sentinel,OK,FAILED TEST,report_only,0,halation-boost,3840,2160,140.768,135.76,3.6888626988803845,0.964423732666515,24.0,24.0,0.0,auto,2,buffer,custom,auto,float,0.10,0.0,0.0,1.0,fused,float,float,contiguous
round2-quality-fail-sentinel,OK,FAILED TEST,report_only,0,camera-diffusion-only,3840,2160,168.603,2106.555,-91.996268789564,12.494172701553351,36.0,60.0,-24.0,auto,2,buffer,custom,auto,float,0.10,0.0,0.0,1.0,fused,float,float,contiguous
round2-quality-fail-sentinel,OK,FAILED TEST,report_only,0,print-diffusion-only,3840,2160,167.889,2101.795,-92.0121134554036,12.518955976865668,37.0,61.0,-24.0,auto,2,buffer,custom,auto,float,0.10,0.0,0.0,1.0,fused,float,float,contiguous
round2-quality-fail-sentinel,OK,FAILED TEST,report_only,0,dir-only,3840,2160,260.541,255.129,2.121279823148292,0.9792278374612825,8.0,8.0,0.0,auto,2,buffer,custom,auto,float,0.10,0.0,0.0,1.0,fused,float,float,contiguous
round2-quality-fail-sentinel,OK,FAILED TEST,report_only,0,scanner-only,3840,2160,25.11,26.603,-5.612149005751239,1.0594583831142972,9.0,9.0,0.0,auto,2,buffer,custom,auto,float,0.10,0.0,0.0,1.0,fused,float,float,contiguous
round2-quality-fail-sentinel,OK,FAILED TEST,report_only,0,scanner-glare,3840,2160,39.784,40.018,-0.5847368684092202,1.0058817615121658,9.0,9.0,0.0,auto,2,buffer,custom,auto,float,0.10,0.0,0.0,1.0,fused,float,float,contiguous
round2-quality-fail-sentinel,OK,FAILED TEST,report_only,0,all-effects,3840,2160,707.959,3410.765,-79.24339554322857,4.817743682896891,59.0,83.0,-24.0,auto,2,buffer,custom,auto,float,0.10,0.0,0.0,1.0,fused,float,float,contiguous
