candidate,perf_status,quality_status,quality_policy,case,width,height,iterations,avg_wall_ms,avg_fps,avg_cpu_setup_ms,avg_source_copy_ms,avg_command_buffer_ms,avg_output_copy_ms,avg_pass_count,threadgroup,diffusion_group_size,scanner_image_storage,blur_backend,blur_downsample,intermediate_precision,diffusion_cluster_sigma,halation_grouped_tail,scanner_mps,grain_blur_recurrence,dir_tail_backend,source_format,destination_format,host_layout,grain_synthesis_sampler,grain_synthesis_radius_lut,grain_synthesis_target_storage,grain_synthesis_cell_mode,avg_private_scratch_alloc_bytes,avg_private_scratch_alloc_count,avg_scratch_alloc_bytes,avg_scratch_alloc_count,avg_shared_scratch_alloc_bytes,avg_shared_scratch_alloc_count,avg_static_alloc_bytes,avg_static_alloc_count,avg_upload_bytes,camera_diffusion,destination_no_copy,dir,final_post_process,halation,mean_luma,pass_gpu_timing,pass_timing_mode,print_diffusion,private_scratch,production_grain,returncode,source_no_copy,stderr_log,stdout_log
tg-16x16,OK,PASSED,exact,all-effects,1920,1080,5,435.322,2.297,0.093,0.0,435.211,0.0,83.0,16x16,1,buffer,custom,off,float,off,0.0,0.0,0.0,fused,float,float,contiguous,r2,512,float-buffer,offset-list,0.0,0.0,0.0,0.0,0.0,0.0,0.0,0.0,4152.0,1.0,1.0,1.0,1.0,0.0,0.62,0.0,off,0.0,1.0,1.0,0,1.0,/Volumes/Discordia/perf_run/exhaustive_sweep_new/tg-16x16/perf_all_1920x1080.stderr.log,/Volumes/Discordia/perf_run/exhaustive_sweep_new/tg-16x16/perf_all_1920x1080.stdout.log
host-offset-float,OK,PASSED,exact,all-effects,1920,1080,5,498.197,2.007,0.125,0.818,496.452,0.789,83.0,auto,1,buffer,custom,off,float,off,0.0,0.0,0.0,fused,float,float,offset,r2,512,float-buffer,offset-list,0.0,0.0,0.0,0.0,0.0,0.0,0.0,0.0,33181752.0,1.0,0.0,1.0,1.0,0.0,0.62,0.0,off,0.0,1.0,1.0,0,0.0,/Volumes/Discordia/perf_run/exhaustive_sweep_new/host-offset-float/perf_all_1920x1080.stderr.log,/Volumes/Discordia/perf_run/exhaustive_sweep_new/host-offset-float/perf_all_1920x1080.stdout.log
host-strided-float,OK,PASSED,exact,all-effects,1920,1080,5,488.35,2.048,0.137,1.003,485.975,1.223,83.0,auto,1,buffer,custom,off,float,off,0.0,0.0,0.0,fused,float,float,strided,r2,512,float-buffer,offset-list,0.0,0.0,0.0,0.0,0.0,0.0,0.0,0.0,33181752.0,1.0,0.0,1.0,1.0,0.0,0.62,0.0,off,0.0,1.0,1.0,0,0.0,/Volumes/Discordia/perf_run/exhaustive_sweep_new/host-strided-float/perf_all_1920x1080.stderr.log,/Volumes/Discordia/perf_run/exhaustive_sweep_new/host-strided-float/perf_all_1920x1080.stdout.log
host-half-destination,OK,PASSED,exact,all-effects,1920,1080,5,507.235,1.971,0.096,0.0,507.122,0.0,84.0,auto,1,buffer,custom,off,float,off,0.0,0.0,0.0,fused,float,half,contiguous,r2,512,float-buffer,offset-list,0.0,0.0,0.0,0.0,0.0,0.0,0.0,0.0,4152.0,1.0,1.0,1.0,1.0,0.0,0.62,0.0,off,0.0,1.0,1.0,0,1.0,/Volumes/Discordia/perf_run/exhaustive_sweep_new/host-half-destination/perf_all_1920x1080.stderr.log,/Volumes/Discordia/perf_run/exhaustive_sweep_new/host-half-destination/perf_all_1920x1080.stdout.log
host-half-source,OK,PASSED,exact,all-effects,1920,1080,5,512.202,1.952,0.112,0.0,512.064,0.0,84.0,auto,1,buffer,custom,off,float,off,0.0,0.0,0.0,fused,half,float,contiguous,r2,512,float-buffer,offset-list,0.0,0.0,0.0,0.0,0.0,0.0,0.0,0.0,4152.0,1.0,1.0,1.0,1.0,0.0,0.62,0.0,off,0.0,1.0,1.0,0,1.0,/Volumes/Discordia/perf_run/exhaustive_sweep_new/host-half-source/perf_all_1920x1080.stderr.log,/Volumes/Discordia/perf_run/exhaustive_sweep_new/host-half-source/perf_all_1920x1080.stdout.log
host-half-io,OK,PASSED,exact,all-effects,1920,1080,5,505.708,1.977,0.13,0.0,505.537,0.0,85.0,auto,1,buffer,custom,off,float,off,0.0,0.0,0.0,fused,half,half,contiguous,r2,512,float-buffer,offset-list,0.0,0.0,0.0,0.0,0.0,0.0,0.0,0.0,4152.0,1.0,1.0,1.0,1.0,0.0,0.62,0.0,off,0.0,1.0,1.0,0,1.0,/Volumes/Discordia/perf_run/exhaustive_sweep_new/host-half-io/perf_all_1920x1080.stderr.log,/Volumes/Discordia/perf_run/exhaustive_sweep_new/host-half-io/perf_all_1920x1080.stdout.log
diffusion-group-2,OK,PASSED,exact,all-effects,3840,2160,5,2352.453,0.425,0.083,0.0,2352.348,0.0,57.0,auto,2,buffer,custom,off,float,off,0.0,0.0,0.0,fused,float,float,contiguous,r2,512,float-buffer,offset-list,0.0,0.0,0.0,0.0,0.0,0.0,0.0,0.0,4152.0,1.0,1.0,1.0,1.0,0.0,0.618,0.0,off,0.0,1.0,1.0,0,1.0,/Volumes/Discordia/perf_run/exhaustive_sweep_new/diffusion-group-2/perf_all_3840x2160.stderr.log,/Volumes/Discordia/perf_run/exhaustive_sweep_new/diffusion-group-2/perf_all_3840x2160.stdout.log
host-offset-float,OK,PASSED,exact,all-effects,3840,2160,5,2525.584,0.396,0.124,4.513,2516.123,4.804,83.0,auto,1,buffer,custom,off,float,off,0.0,0.0,0.0,fused,float,float,offset,r2,512,float-buffer,offset-list,0.0,0.0,0.0,0.0,0.0,0.0,0.0,0.0,132714552.0,1.0,0.0,1.0,1.0,0.0,0.618,0.0,off,0.0,1.0,1.0,0,0.0,/Volumes/Discordia/perf_run/exhaustive_sweep_new/host-offset-float/perf_all_3840x2160.stderr.log,/Volumes/Discordia/perf_run/exhaustive_sweep_new/host-offset-float/perf_all_3840x2160.stdout.log
host-strided-float,OK,PASSED,exact,all-effects,3840,2160,5,2527.648,0.396,0.115,4.317,2516.267,6.928,83.0,auto,1,buffer,custom,off,float,off,0.0,0.0,0.0,fused,float,float,strided,r2,512,float-buffer,offset-list,0.0,0.0,0.0,0.0,0.0,0.0,0.0,0.0,132714552.0,1.0,0.0,1.0,1.0,0.0,0.618,0.0,off,0.0,1.0,1.0,0,0.0,/Volumes/Discordia/perf_run/exhaustive_sweep_new/host-strided-float/perf_all_3840x2160.stderr.log,/Volumes/Discordia/perf_run/exhaustive_sweep_new/host-strided-float/perf_all_3840x2160.stdout.log
host-half-destination,OK,PASSED,exact,all-effects,3840,2160,5,2502.493,0.4,0.145,0.0,2502.317,0.0,84.0,auto,1,buffer,custom,off,float,off,0.0,0.0,0.0,fused,float,half,contiguous,r2,512,float-buffer,offset-list,0.0,0.0,0.0,0.0,0.0,0.0,0.0,0.0,4152.0,1.0,1.0,1.0,1.0,0.0,0.618,0.0,off,0.0,1.0,1.0,0,1.0,/Volumes/Discordia/perf_run/exhaustive_sweep_new/host-half-destination/perf_all_3840x2160.stderr.log,/Volumes/Discordia/perf_run/exhaustive_sweep_new/host-half-destination/perf_all_3840x2160.stdout.log
host-half-source,OK,PASSED,exact,all-effects,3840,2160,5,2507.446,0.399,0.1,0.0,2507.324,0.0,84.0,auto,1,buffer,custom,off,float,off,0.0,0.0,0.0,fused,half,float,contiguous,r2,512,float-buffer,offset-list,0.0,0.0,0.0,0.0,0.0,0.0,0.0,0.0,4152.0,1.0,1.0,1.0,1.0,0.0,0.618,0.0,off,0.0,1.0,1.0,0,1.0,/Volumes/Discordia/perf_run/exhaustive_sweep_new/host-half-source/perf_all_3840x2160.stderr.log,/Volumes/Discordia/perf_run/exhaustive_sweep_new/host-half-source/perf_all_3840x2160.stdout.log
host-half-io,OK,PASSED,exact,all-effects,3840,2160,5,2522.741,0.396,0.078,0.0,2522.642,0.0,85.0,auto,1,buffer,custom,off,float,off,0.0,0.0,0.0,fused,half,half,contiguous,r2,512,float-buffer,offset-list,0.0,0.0,0.0,0.0,0.0,0.0,0.0,0.0,4152.0,1.0,1.0,1.0,1.0,0.0,0.618,0.0,off,0.0,1.0,1.0,0,1.0,/Volumes/Discordia/perf_run/exhaustive_sweep_new/host-half-io/perf_all_3840x2160.stderr.log,/Volumes/Discordia/perf_run/exhaustive_sweep_new/host-half-io/perf_all_3840x2160.stdout.log
tg-auto,OK,PASSED,exact,auto-exposure,1920,1080,5,8.869,112.754,0.307,0.0,8.55,0.0,4.0,auto,1,buffer,custom,off,float,off,0.0,0.0,0.0,fused,float,float,contiguous,r2,512,float-buffer,offset-list,0.0,0.0,0.0,0.0,0.0,0.0,0.0,0.0,584.0,0.0,1.0,0.0,1.0,0.0,0.419,0.0,off,0.0,1.0,0.0,0,1.0,/Volumes/Discordia/perf_run/exhaustive_sweep_new/tg-auto/perf_all_1920x1080.stderr.log,/Volumes/Discordia/perf_run/exhaustive_sweep_new/tg-auto/perf_all_1920x1080.stdout.log
host-offset-float,OK,PASSED,exact,auto-exposure,1920,1080,5,9.78,102.245,0.296,0.781,7.897,0.8,4.0,auto,1,buffer,custom,off,float,off,0.0,0.0,0.0,fused,float,float,offset,r2,512,float-buffer,offset-list,0.0,0.0,0.0,0.0,0.0,0.0,0.0,0.0,33178184.0,0.0,0.0,0.0,1.0,0.0,0.419,0.0,off,0.0,1.0,0.0,0,0.0,/Volumes/Discordia/perf_run/exhaustive_sweep_new/host-offset-float/perf_all_1920x1080.stderr.log,/Volumes/Discordia/perf_run/exhaustive_sweep_new/host-offset-float/perf_all_1920x1080.stdout.log
host-strided-float,OK,PASSED,exact,auto-exposure,1920,1080,5,10.708,93.389,0.302,0.972,8.149,1.276,4.0,auto,1,buffer,custom,off,float,off,0.0,0.0,0.0,fused,float,float,strided,r2,512,float-buffer,offset-list,0.0,0.0,0.0,0.0,0.0,0.0,0.0,0.0,33178184.0,0.0,0.0,0.0,1.0,0.0,0.419,0.0,off,0.0,1.0,0.0,0,0.0,/Volumes/Discordia/perf_run/exhaustive_sweep_new/host-strided-float/perf_all_1920x1080.stderr.log,/Volumes/Discordia/perf_run/exhaustive_sweep_new/host-strided-float/perf_all_1920x1080.stdout.log
host-half-destination,OK,PASSED,exact,auto-exposure,1920,1080,5,9.016,110.915,0.307,0.0,8.699,0.0,5.0,auto,1,buffer,custom,off,float,off,0.0,0.0,0.0,fused,float,half,contiguous,r2,512,float-buffer,offset-list,0.0,0.0,0.0,0.0,0.0,0.0,0.0,0.0,584.0,0.0,1.0,0.0,1.0,0.0,0.419,0.0,off,0.0,1.0,0.0,0,1.0,/Volumes/Discordia/perf_run/exhaustive_sweep_new/host-half-destination/perf_all_1920x1080.stderr.log,/Volumes/Discordia/perf_run/exhaustive_sweep_new/host-half-destination/perf_all_1920x1080.stdout.log
host-half-source,OK,PASSED,exact,auto-exposure,1920,1080,5,18.02,55.494,0.323,9.329,8.354,0.0,4.0,auto,1,buffer,custom,off,float,off,0.0,0.0,0.0,fused,half,float,contiguous,r2,512,float-buffer,offset-list,0.0,0.0,0.0,0.0,0.0,0.0,0.0,0.0,33178184.0,0.0,1.0,0.0,1.0,0.0,0.418,0.0,off,0.0,1.0,0.0,0,0.0,/Volumes/Discordia/perf_run/exhaustive_sweep_new/host-half-source/perf_all_1920x1080.stderr.log,/Volumes/Discordia/perf_run/exhaustive_sweep_new/host-half-source/perf_all_1920x1080.stdout.log
host-half-io,OK,PASSED,exact,auto-exposure,1920,1080,5,18.668,53.566,0.365,9.697,8.58,0.0,5.0,auto,1,buffer,custom,off,float,off,0.0,0.0,0.0,fused,half,half,contiguous,r2,512,float-buffer,offset-list,0.0,0.0,0.0,0.0,0.0,0.0,0.0,0.0,33178184.0,0.0,1.0,0.0,1.0,0.0,0.418,0.0,off,0.0,1.0,0.0,0,0.0,/Volumes/Discordia/perf_run/exhaustive_sweep_new/host-half-io/perf_all_1920x1080.stderr.log,/Volumes/Discordia/perf_run/exhaustive_sweep_new/host-half-io/perf_all_1920x1080.stdout.log
threadgroup-16x16,OK,PASSED,exact,auto-exposure,3840,2160,5,32.535,30.736,0.555,0.0,31.955,0.0,4.0,16x16,1,buffer,custom,off,float,off,0.0,0.0,0.0,fused,float,float,contiguous,r2,512,float-buffer,offset-list,0.0,0.0,0.0,0.0,0.0,0.0,0.0,0.0,584.0,0.0,1.0,0.0,1.0,0.0,0.419,0.0,off,0.0,1.0,0.0,0,1.0,/Volumes/Discordia/perf_run/exhaustive_sweep_new/threadgroup-16x16/perf_all_3840x2160.stderr.log,/Volumes/Discordia/perf_run/exhaustive_sweep_new/threadgroup-16x16/perf_all_3840x2160.stdout.log
host-offset-float,OK,PASSED,exact,auto-exposure,3840,2160,5,36.375,27.491,0.532,3.122,29.583,3.132,4.0,auto,1,buffer,custom,off,float,off,0.0,0.0,0.0,fused,float,float,offset,r2,512,float-buffer,offset-list,0.0,0.0,0.0,0.0,0.0,0.0,0.0,0.0,132710984.0,0.0,0.0,0.0,1.0,0.0,0.419,0.0,off,0.0,1.0,0.0,0,0.0,/Volumes/Discordia/perf_run/exhaustive_sweep_new/host-offset-float/perf_all_3840x2160.stderr.log,/Volumes/Discordia/perf_run/exhaustive_sweep_new/host-offset-float/perf_all_3840x2160.stdout.log
host-strided-float,OK,PASSED,exact,auto-exposure,3840,2160,5,37.3,26.81,0.525,3.111,29.582,4.076,4.0,auto,1,buffer,custom,off,float,off,0.0,0.0,0.0,fused,float,float,strided,r2,512,float-buffer,offset-list,0.0,0.0,0.0,0.0,0.0,0.0,0.0,0.0,132710984.0,0.0,0.0,0.0,1.0,0.0,0.419,0.0,off,0.0,1.0,0.0,0,0.0,/Volumes/Discordia/perf_run/exhaustive_sweep_new/host-strided-float/perf_all_3840x2160.stderr.log,/Volumes/Discordia/perf_run/exhaustive_sweep_new/host-strided-float/perf_all_3840x2160.stdout.log
host-half-destination,OK,PASSED,exact,auto-exposure,3840,2160,5,33.422,29.921,0.592,0.0,32.806,0.0,5.0,auto,1,buffer,custom,off,float,off,0.0,0.0,0.0,fused,float,half,contiguous,r2,512,float-buffer,offset-list,0.0,0.0,0.0,0.0,0.0,0.0,0.0,0.0,584.0,0.0,1.0,0.0,1.0,0.0,0.419,0.0,off,0.0,1.0,0.0,0,1.0,/Volumes/Discordia/perf_run/exhaustive_sweep_new/host-half-destination/perf_all_3840x2160.stderr.log,/Volumes/Discordia/perf_run/exhaustive_sweep_new/host-half-destination/perf_all_3840x2160.stdout.log
host-half-source,OK,PASSED,exact,auto-exposure,3840,2160,5,68.635,14.57,0.585,37.173,30.848,0.0,4.0,auto,1,buffer,custom,off,float,off,0.0,0.0,0.0,fused,half,float,contiguous,r2,512,float-buffer,offset-list,0.0,0.0,0.0,0.0,0.0,0.0,0.0,0.0,132710984.0,0.0,1.0,0.0,1.0,0.0,0.419,0.0,off,0.0,1.0,0.0,0,0.0,/Volumes/Discordia/perf_run/exhaustive_sweep_new/host-half-source/perf_all_3840x2160.stderr.log,/Volumes/Discordia/perf_run/exhaustive_sweep_new/host-half-source/perf_all_3840x2160.stdout.log
host-half-io,OK,PASSED,exact,auto-exposure,3840,2160,5,68.663,14.564,0.596,36.853,31.182,0.0,5.0,auto,1,buffer,custom,off,float,off,0.0,0.0,0.0,fused,half,half,contiguous,r2,512,float-buffer,offset-list,0.0,0.0,0.0,0.0,0.0,0.0,0.0,0.0,132710984.0,0.0,1.0,0.0,1.0,0.0,0.419,0.0,off,0.0,1.0,0.0,0,0.0,/Volumes/Discordia/perf_run/exhaustive_sweep_new/host-half-io/perf_all_3840x2160.stderr.log,/Volumes/Discordia/perf_run/exhaustive_sweep_new/host-half-io/perf_all_3840x2160.stdout.log
diffusion-group-4,OK,PASSED,exact,camera-diffusion-only,1920,1080,5,321.983,3.106,0.063,0.0,321.903,0.0,20.0,auto,4,buffer,custom,off,float,off,0.0,0.0,0.0,fused,float,float,contiguous,r2,512,float-buffer,offset-list,0.0,0.0,0.0,0.0,0.0,0.0,0.0,0.0,1032.0,1.0,1.0,0.0,1.0,0.0,0.647,0.0,off,0.0,1.0,0.0,0,1.0,/Volumes/Discordia/perf_run/exhaustive_sweep_new/diffusion-group-4/perf_all_1920x1080.stderr.log,/Volumes/Discordia/perf_run/exhaustive_sweep_new/diffusion-group-4/perf_all_1920x1080.stdout.log
host-offset-float,OK,PASSED,exact,camera-diffusion-only,1920,1080,5,352.296,2.839,0.136,1.385,349.471,1.289,60.0,auto,1,buffer,custom,off,float,off,0.0,0.0,0.0,fused,float,float,offset,r2,512,float-buffer,offset-list,0.0,0.0,0.0,0.0,0.0,0.0,0.0,0.0,33178632.0,1.0,0.0,0.0,1.0,0.0,0.647,0.0,off,0.0,1.0,0.0,0,0.0,/Volumes/Discordia/perf_run/exhaustive_sweep_new/host-offset-float/perf_all_1920x1080.stderr.log,/Volumes/Discordia/perf_run/exhaustive_sweep_new/host-offset-float/perf_all_1920x1080.stdout.log
host-strided-float,OK,PASSED,exact,camera-diffusion-only,1920,1080,5,353.178,2.831,0.164,1.485,349.96,1.553,60.0,auto,1,buffer,custom,off,float,off,0.0,0.0,0.0,fused,float,float,strided,r2,512,float-buffer,offset-list,0.0,0.0,0.0,0.0,0.0,0.0,0.0,0.0,33178632.0,1.0,0.0,0.0,1.0,0.0,0.647,0.0,off,0.0,1.0,0.0,0,0.0,/Volumes/Discordia/perf_run/exhaustive_sweep_new/host-strided-float/perf_all_1920x1080.stderr.log,/Volumes/Discordia/perf_run/exhaustive_sweep_new/host-strided-float/perf_all_1920x1080.stdout.log
host-half-destination,OK,PASSED,exact,camera-diffusion-only,1920,1080,5,350.36,2.854,0.077,0.0,350.258,0.0,61.0,auto,1,buffer,custom,off,float,off,0.0,0.0,0.0,fused,float,half,contiguous,r2,512,float-buffer,offset-list,0.0,0.0,0.0,0.0,0.0,0.0,0.0,0.0,1032.0,1.0,1.0,0.0,1.0,0.0,0.647,0.0,off,0.0,1.0,0.0,0,1.0,/Volumes/Discordia/perf_run/exhaustive_sweep_new/host-half-destination/perf_all_1920x1080.stderr.log,/Volumes/Discordia/perf_run/exhaustive_sweep_new/host-half-destination/perf_all_1920x1080.stdout.log
host-half-source,OK,PASSED,exact,camera-diffusion-only,1920,1080,5,349.916,2.858,0.075,0.0,349.816,0.0,61.0,auto,1,buffer,custom,off,float,off,0.0,0.0,0.0,fused,half,float,contiguous,r2,512,float-buffer,offset-list,0.0,0.0,0.0,0.0,0.0,0.0,0.0,0.0,1032.0,1.0,1.0,0.0,1.0,0.0,0.647,0.0,off,0.0,1.0,0.0,0,1.0,/Volumes/Discordia/perf_run/exhaustive_sweep_new/host-half-source/perf_all_1920x1080.stderr.log,/Volumes/Discordia/perf_run/exhaustive_sweep_new/host-half-source/perf_all_1920x1080.stdout.log
host-half-io,OK,PASSED,exact,camera-diffusion-only,1920,1080,5,350.533,2.853,0.08,0.0,350.427,0.0,62.0,auto,1,buffer,custom,off,float,off,0.0,0.0,0.0,fused,half,half,contiguous,r2,512,float-buffer,offset-list,0.0,0.0,0.0,0.0,0.0,0.0,0.0,0.0,1032.0,1.0,1.0,0.0,1.0,0.0,0.647,0.0,off,0.0,1.0,0.0,0,1.0,/Volumes/Discordia/perf_run/exhaustive_sweep_new/host-half-io/perf_all_1920x1080.stderr.log,/Volumes/Discordia/perf_run/exhaustive_sweep_new/host-half-io/perf_all_1920x1080.stdout.log
diffusion-group-2,OK,PASSED,exact,camera-diffusion-only,3840,2160,5,1942.684,0.515,0.075,0.0,1942.586,0.0,34.0,auto,2,buffer,custom,off,float,off,0.0,0.0,0.0,fused,float,float,contiguous,r2,512,float-buffer,offset-list,0.0,0.0,0.0,0.0,0.0,0.0,0.0,0.0,1032.0,1.0,1.0,0.0,1.0,0.0,0.647,0.0,off,0.0,1.0,0.0,0,1.0,/Volumes/Discordia/perf_run/exhaustive_sweep_new/diffusion-group-2/perf_all_3840x2160.stderr.log,/Volumes/Discordia/perf_run/exhaustive_sweep_new/diffusion-group-2/perf_all_3840x2160.stdout.log
host-offset-float,OK,PASSED,exact,camera-diffusion-only,3840,2160,5,2113.28,0.473,0.104,3.762,2103.482,5.914,60.0,auto,1,buffer,custom,off,float,off,0.0,0.0,0.0,fused,float,float,offset,r2,512,float-buffer,offset-list,0.0,0.0,0.0,0.0,0.0,0.0,0.0,0.0,132711432.0,1.0,0.0,0.0,1.0,0.0,0.647,0.0,off,0.0,1.0,0.0,0,0.0,/Volumes/Discordia/perf_run/exhaustive_sweep_new/host-offset-float/perf_all_3840x2160.stderr.log,/Volumes/Discordia/perf_run/exhaustive_sweep_new/host-offset-float/perf_all_3840x2160.stdout.log
host-strided-float,OK,PASSED,exact,camera-diffusion-only,3840,2160,5,2118.112,0.472,0.069,4.168,2106.394,7.471,60.0,auto,1,buffer,custom,off,float,off,0.0,0.0,0.0,fused,float,float,strided,r2,512,float-buffer,offset-list,0.0,0.0,0.0,0.0,0.0,0.0,0.0,0.0,132711432.0,1.0,0.0,0.0,1.0,0.0,0.647,0.0,off,0.0,1.0,0.0,0,0.0,/Volumes/Discordia/perf_run/exhaustive_sweep_new/host-strided-float/perf_all_3840x2160.stderr.log,/Volumes/Discordia/perf_run/exhaustive_sweep_new/host-strided-float/perf_all_3840x2160.stdout.log
host-half-destination,OK,PASSED,exact,camera-diffusion-only,3840,2160,5,2100.454,0.476,0.102,0.0,2100.322,0.0,61.0,auto,1,buffer,custom,off,float,off,0.0,0.0,0.0,fused,float,half,contiguous,r2,512,float-buffer,offset-list,0.0,0.0,0.0,0.0,0.0,0.0,0.0,0.0,1032.0,1.0,1.0,0.0,1.0,0.0,0.647,0.0,off,0.0,1.0,0.0,0,1.0,/Volumes/Discordia/perf_run/exhaustive_sweep_new/host-half-destination/perf_all_3840x2160.stderr.log,/Volumes/Discordia/perf_run/exhaustive_sweep_new/host-half-destination/perf_all_3840x2160.stdout.log
host-half-source,OK,PASSED,exact,camera-diffusion-only,3840,2160,5,2096.054,0.477,0.1,0.0,2095.927,0.0,61.0,auto,1,buffer,custom,off,float,off,0.0,0.0,0.0,fused,half,float,contiguous,r2,512,float-buffer,offset-list,0.0,0.0,0.0,0.0,0.0,0.0,0.0,0.0,1032.0,1.0,1.0,0.0,1.0,0.0,0.647,0.0,off,0.0,1.0,0.0,0,1.0,/Volumes/Discordia/perf_run/exhaustive_sweep_new/host-half-source/perf_all_3840x2160.stderr.log,/Volumes/Discordia/perf_run/exhaustive_sweep_new/host-half-source/perf_all_3840x2160.stdout.log
host-half-io,OK,PASSED,exact,camera-diffusion-only,3840,2160,5,2103.538,0.475,0.085,0.0,2103.429,0.0,62.0,auto,1,buffer,custom,off,float,off,0.0,0.0,0.0,fused,half,half,contiguous,r2,512,float-buffer,offset-list,0.0,0.0,0.0,0.0,0.0,0.0,0.0,0.0,1032.0,1.0,1.0,0.0,1.0,0.0,0.647,0.0,off,0.0,1.0,0.0,0,1.0,/Volumes/Discordia/perf_run/exhaustive_sweep_new/host-half-io/perf_all_3840x2160.stderr.log,/Volumes/Discordia/perf_run/exhaustive_sweep_new/host-half-io/perf_all_3840x2160.stdout.log
scratch-shared,OK,PASSED,exact,default-final,1920,1080,5,15.227,65.675,0.033,0.0,15.167,0.0,5.0,auto,1,buffer,custom,off,float,off,0.0,0.0,0.0,fused,float,float,contiguous,r2,512,float-buffer,offset-list,0.0,0.0,0.0,0.0,0.0,0.0,0.0,0.0,584.0,0.0,1.0,0.0,1.0,0.0,0.647,0.0,off,0.0,0.0,0.0,0,1.0,/Volumes/Discordia/perf_run/exhaustive_sweep_new/scratch-shared/perf_all_1920x1080.stderr.log,/Volumes/Discordia/perf_run/exhaustive_sweep_new/scratch-shared/perf_all_1920x1080.stdout.log
host-offset-float,OK,PASSED,exact,default-final,1920,1080,5,16.085,62.169,0.048,0.79,14.407,0.831,5.0,auto,1,buffer,custom,off,float,off,0.0,0.0,0.0,fused,float,float,offset,r2,512,float-buffer,offset-list,0.0,0.0,0.0,0.0,0.0,0.0,0.0,0.0,33178184.0,0.0,0.0,0.0,1.0,0.0,0.647,0.0,off,0.0,1.0,0.0,0,0.0,/Volumes/Discordia/perf_run/exhaustive_sweep_new/host-offset-float/perf_all_1920x1080.stderr.log,/Volumes/Discordia/perf_run/exhaustive_sweep_new/host-offset-float/perf_all_1920x1080.stdout.log
host-strided-float,OK,PASSED,exact,default-final,1920,1080,5,16.759,59.669,0.048,0.782,14.694,1.228,5.0,auto,1,buffer,custom,off,float,off,0.0,0.0,0.0,fused,float,float,strided,r2,512,float-buffer,offset-list,0.0,0.0,0.0,0.0,0.0,0.0,0.0,0.0,33178184.0,0.0,0.0,0.0,1.0,0.0,0.647,0.0,off,0.0,1.0,0.0,0,0.0,/Volumes/Discordia/perf_run/exhaustive_sweep_new/host-strided-float/perf_all_1920x1080.stderr.log,/Volumes/Discordia/perf_run/exhaustive_sweep_new/host-strided-float/perf_all_1920x1080.stdout.log
host-half-destination,OK,PASSED,exact,default-final,1920,1080,5,15.377,65.033,0.062,0.0,15.288,0.0,6.0,auto,1,buffer,custom,off,float,off,0.0,0.0,0.0,fused,float,half,contiguous,r2,512,float-buffer,offset-list,0.0,0.0,0.0,0.0,0.0,0.0,0.0,0.0,584.0,0.0,1.0,0.0,1.0,0.0,0.647,0.0,off,0.0,1.0,0.0,0,1.0,/Volumes/Discordia/perf_run/exhaustive_sweep_new/host-half-destination/perf_all_1920x1080.stderr.log,/Volumes/Discordia/perf_run/exhaustive_sweep_new/host-half-destination/perf_all_1920x1080.stdout.log
host-half-source,OK,PASSED,exact,default-final,1920,1080,5,15.323,65.26,0.034,0.0,15.268,0.0,6.0,auto,1,buffer,custom,off,float,off,0.0,0.0,0.0,fused,half,float,contiguous,r2,512,float-buffer,offset-list,0.0,0.0,0.0,0.0,0.0,0.0,0.0,0.0,584.0,0.0,1.0,0.0,1.0,0.0,0.647,0.0,off,0.0,1.0,0.0,0,1.0,/Volumes/Discordia/perf_run/exhaustive_sweep_new/host-half-source/perf_all_1920x1080.stderr.log,/Volumes/Discordia/perf_run/exhaustive_sweep_new/host-half-source/perf_all_1920x1080.stdout.log
host-half-io,OK,PASSED,exact,default-final,1920,1080,5,15.505,64.496,0.038,0.0,15.442,0.0,7.0,auto,1,buffer,custom,off,float,off,0.0,0.0,0.0,fused,half,half,contiguous,r2,512,float-buffer,offset-list,0.0,0.0,0.0,0.0,0.0,0.0,0.0,0.0,584.0,0.0,1.0,0.0,1.0,0.0,0.647,0.0,off,0.0,1.0,0.0,0,1.0,/Volumes/Discordia/perf_run/exhaustive_sweep_new/host-half-io/perf_all_1920x1080.stderr.log,/Volumes/Discordia/perf_run/exhaustive_sweep_new/host-half-io/perf_all_1920x1080.stdout.log
threadgroup-64x4,OK,PASSED,exact,default-final,3840,2160,5,57.89,17.274,0.044,0.0,57.82,0.0,5.0,64x4,1,buffer,custom,off,float,off,0.0,0.0,0.0,fused,float,float,contiguous,r2,512,float-buffer,offset-list,0.0,0.0,0.0,0.0,0.0,0.0,0.0,0.0,584.0,0.0,1.0,0.0,1.0,0.0,0.646,0.0,off,0.0,1.0,0.0,0,1.0,/Volumes/Discordia/perf_run/exhaustive_sweep_new/threadgroup-64x4/perf_all_3840x2160.stderr.log,/Volumes/Discordia/perf_run/exhaustive_sweep_new/threadgroup-64x4/perf_all_3840x2160.stdout.log
host-offset-float,OK,PASSED,exact,default-final,3840,2160,5,62.857,15.909,0.044,3.133,55.243,4.432,5.0,auto,1,buffer,custom,off,float,off,0.0,0.0,0.0,fused,float,float,offset,r2,512,float-buffer,offset-list,0.0,0.0,0.0,0.0,0.0,0.0,0.0,0.0,132710984.0,0.0,0.0,0.0,1.0,0.0,0.646,0.0,off,0.0,1.0,0.0,0,0.0,/Volumes/Discordia/perf_run/exhaustive_sweep_new/host-offset-float/perf_all_3840x2160.stderr.log,/Volumes/Discordia/perf_run/exhaustive_sweep_new/host-offset-float/perf_all_3840x2160.stdout.log
host-strided-float,OK,PASSED,exact,default-final,3840,2160,5,63.276,15.804,0.046,3.108,55.251,4.866,5.0,auto,1,buffer,custom,off,float,off,0.0,0.0,0.0,fused,float,float,strided,r2,512,float-buffer,offset-list,0.0,0.0,0.0,0.0,0.0,0.0,0.0,0.0,132710984.0,0.0,0.0,0.0,1.0,0.0,0.646,0.0,off,0.0,1.0,0.0,0,0.0,/Volumes/Discordia/perf_run/exhaustive_sweep_new/host-strided-float/perf_all_3840x2160.stderr.log,/Volumes/Discordia/perf_run/exhaustive_sweep_new/host-strided-float/perf_all_3840x2160.stdout.log
host-half-destination,OK,PASSED,exact,default-final,3840,2160,5,58.44,17.112,0.042,0.0,58.374,0.0,6.0,auto,1,buffer,custom,off,float,off,0.0,0.0,0.0,fused,float,half,contiguous,r2,512,float-buffer,offset-list,0.0,0.0,0.0,0.0,0.0,0.0,0.0,0.0,584.0,0.0,1.0,0.0,1.0,0.0,0.646,0.0,off,0.0,1.0,0.0,0,1.0,/Volumes/Discordia/perf_run/exhaustive_sweep_new/host-half-destination/perf_all_3840x2160.stderr.log,/Volumes/Discordia/perf_run/exhaustive_sweep_new/host-half-destination/perf_all_3840x2160.stdout.log
host-half-source,OK,PASSED,exact,default-final,3840,2160,5,58.941,16.966,0.084,0.0,58.822,0.0,6.0,auto,1,buffer,custom,off,float,off,0.0,0.0,0.0,fused,half,float,contiguous,r2,512,float-buffer,offset-list,0.0,0.0,0.0,0.0,0.0,0.0,0.0,0.0,584.0,0.0,1.0,0.0,1.0,0.0,0.646,0.0,off,0.0,1.0,0.0,0,1.0,/Volumes/Discordia/perf_run/exhaustive_sweep_new/host-half-source/perf_all_3840x2160.stderr.log,/Volumes/Discordia/perf_run/exhaustive_sweep_new/host-half-source/perf_all_3840x2160.stdout.log
host-half-io,OK,PASSED,exact,default-final,3840,2160,5,58.725,17.028,0.055,0.0,58.646,0.0,7.0,auto,1,buffer,custom,off,float,off,0.0,0.0,0.0,fused,half,half,contiguous,r2,512,float-buffer,offset-list,0.0,0.0,0.0,0.0,0.0,0.0,0.0,0.0,584.0,0.0,1.0,0.0,1.0,0.0,0.646,0.0,off,0.0,1.0,0.0,0,1.0,/Volumes/Discordia/perf_run/exhaustive_sweep_new/host-half-io/perf_all_3840x2160.stderr.log,/Volumes/Discordia/perf_run/exhaustive_sweep_new/host-half-io/perf_all_3840x2160.stdout.log
diffusion-group-2,OK,PASSED,exact,dir-only,1920,1080,5,35.323,28.31,0.051,0.0,35.251,0.0,8.0,auto,2,buffer,custom,off,float,off,0.0,0.0,0.0,fused,float,float,contiguous,r2,512,float-buffer,offset-list,0.0,0.0,0.0,0.0,0.0,0.0,0.0,0.0,3704.0,0.0,1.0,1.0,1.0,0.0,0.621,0.0,off,0.0,1.0,0.0,0,1.0,/Volumes/Discordia/perf_run/exhaustive_sweep_new/diffusion-group-2/perf_all_1920x1080.stderr.log,/Volumes/Discordia/perf_run/exhaustive_sweep_new/diffusion-group-2/perf_all_1920x1080.stdout.log
host-offset-float,OK,PASSED,exact,dir-only,1920,1080,5,36.696,27.251,0.061,0.993,34.674,0.96,8.0,auto,1,buffer,custom,off,float,off,0.0,0.0,0.0,fused,float,float,offset,r2,512,float-buffer,offset-list,0.0,0.0,0.0,0.0,0.0,0.0,0.0,0.0,33181304.0,0.0,0.0,1.0,1.0,0.0,0.621,0.0,off,0.0,1.0,0.0,0,0.0,/Volumes/Discordia/perf_run/exhaustive_sweep_new/host-offset-float/perf_all_1920x1080.stderr.log,/Volumes/Discordia/perf_run/exhaustive_sweep_new/host-offset-float/perf_all_1920x1080.stdout.log
host-strided-float,OK,PASSED,exact,dir-only,1920,1080,5,37.622,26.58,0.063,1.215,34.87,1.467,8.0,auto,1,buffer,custom,off,float,off,0.0,0.0,0.0,fused,float,float,strided,r2,512,float-buffer,offset-list,0.0,0.0,0.0,0.0,0.0,0.0,0.0,0.0,33181304.0,0.0,0.0,1.0,1.0,0.0,0.621,0.0,off,0.0,1.0,0.0,0,0.0,/Volumes/Discordia/perf_run/exhaustive_sweep_new/host-strided-float/perf_all_1920x1080.stderr.log,/Volumes/Discordia/perf_run/exhaustive_sweep_new/host-strided-float/perf_all_1920x1080.stdout.log
host-half-destination,OK,PASSED,exact,dir-only,1920,1080,5,35.575,28.11,0.081,0.0,35.468,0.0,9.0,auto,1,buffer,custom,off,float,off,0.0,0.0,0.0,fused,float,half,contiguous,r2,512,float-buffer,offset-list,0.0,0.0,0.0,0.0,0.0,0.0,0.0,0.0,3704.0,0.0,1.0,1.0,1.0,0.0,0.621,0.0,off,0.0,1.0,0.0,0,1.0,/Volumes/Discordia/perf_run/exhaustive_sweep_new/host-half-destination/perf_all_1920x1080.stderr.log,/Volumes/Discordia/perf_run/exhaustive_sweep_new/host-half-destination/perf_all_1920x1080.stdout.log
host-half-source,OK,PASSED,exact,dir-only,1920,1080,5,35.418,28.235,0.048,0.0,35.349,0.0,9.0,auto,1,buffer,custom,off,float,off,0.0,0.0,0.0,fused,half,float,contiguous,r2,512,float-buffer,offset-list,0.0,0.0,0.0,0.0,0.0,0.0,0.0,0.0,3704.0,0.0,1.0,1.0,1.0,0.0,0.621,0.0,off,0.0,1.0,0.0,0,1.0,/Volumes/Discordia/perf_run/exhaustive_sweep_new/host-half-source/perf_all_1920x1080.stderr.log,/Volumes/Discordia/perf_run/exhaustive_sweep_new/host-half-source/perf_all_1920x1080.stdout.log
host-half-io,OK,PASSED,exact,dir-only,1920,1080,5,35.906,27.85,0.071,0.0,35.811,0.0,10.0,auto,1,buffer,custom,off,float,off,0.0,0.0,0.0,fused,half,half,contiguous,r2,512,float-buffer,offset-list,0.0,0.0,0.0,0.0,0.0,0.0,0.0,0.0,3704.0,0.0,1.0,1.0,1.0,0.0,0.621,0.0,off,0.0,1.0,0.0,0,1.0,/Volumes/Discordia/perf_run/exhaustive_sweep_new/host-half-io/perf_all_1920x1080.stderr.log,/Volumes/Discordia/perf_run/exhaustive_sweep_new/host-half-io/perf_all_1920x1080.stdout.log
tg-8x32,OK,PASSED,exact,dir-only,3840,2160,5,257.94,3.877,0.06,0.0,257.856,0.0,8.0,8x32,1,buffer,custom,off,float,off,0.0,0.0,0.0,fused,float,float,contiguous,r2,512,float-buffer,offset-list,0.0,0.0,0.0,0.0,0.0,0.0,0.0,0.0,3704.0,0.0,1.0,1.0,1.0,0.0,0.621,0.0,off,0.0,1.0,0.0,0,1.0,/Volumes/Discordia/perf_run/exhaustive_sweep_new/tg-8x32/perf_all_3840x2160.stderr.log,/Volumes/Discordia/perf_run/exhaustive_sweep_new/tg-8x32/perf_all_3840x2160.stdout.log
host-offset-float,OK,PASSED,exact,dir-only,3840,2160,5,276.134,3.621,0.057,3.95,266.121,5.996,8.0,auto,1,buffer,custom,off,float,off,0.0,0.0,0.0,fused,float,float,offset,r2,512,float-buffer,offset-list,0.0,0.0,0.0,0.0,0.0,0.0,0.0,0.0,132714104.0,0.0,0.0,1.0,1.0,0.0,0.621,0.0,off,0.0,1.0,0.0,0,0.0,/Volumes/Discordia/perf_run/exhaustive_sweep_new/host-offset-float/perf_all_3840x2160.stderr.log,/Volumes/Discordia/perf_run/exhaustive_sweep_new/host-offset-float/perf_all_3840x2160.stdout.log
host-strided-float,OK,PASSED,exact,dir-only,3840,2160,5,277.539,3.603,0.054,3.938,266.471,7.065,8.0,auto,1,buffer,custom,off,float,off,0.0,0.0,0.0,fused,float,float,strided,r2,512,float-buffer,offset-list,0.0,0.0,0.0,0.0,0.0,0.0,0.0,0.0,132714104.0,0.0,0.0,1.0,1.0,0.0,0.621,0.0,off,0.0,1.0,0.0,0,0.0,/Volumes/Discordia/perf_run/exhaustive_sweep_new/host-strided-float/perf_all_3840x2160.stderr.log,/Volumes/Discordia/perf_run/exhaustive_sweep_new/host-strided-float/perf_all_3840x2160.stdout.log
host-half-destination,OK,PASSED,exact,dir-only,3840,2160,5,249.335,4.011,0.127,0.0,249.158,0.0,9.0,auto,1,buffer,custom,off,float,off,0.0,0.0,0.0,fused,float,half,contiguous,r2,512,float-buffer,offset-list,0.0,0.0,0.0,0.0,0.0,0.0,0.0,0.0,3704.0,0.0,1.0,1.0,1.0,0.0,0.621,0.0,off,0.0,1.0,0.0,0,1.0,/Volumes/Discordia/perf_run/exhaustive_sweep_new/host-half-destination/perf_all_3840x2160.stderr.log,/Volumes/Discordia/perf_run/exhaustive_sweep_new/host-half-destination/perf_all_3840x2160.stdout.log
host-half-source,OK,PASSED,exact,dir-only,3840,2160,5,268.583,3.723,0.05,0.0,268.505,0.0,9.0,auto,1,buffer,custom,off,float,off,0.0,0.0,0.0,fused,half,float,contiguous,r2,512,float-buffer,offset-list,0.0,0.0,0.0,0.0,0.0,0.0,0.0,0.0,3704.0,0.0,1.0,1.0,1.0,0.0,0.621,0.0,off,0.0,1.0,0.0,0,1.0,/Volumes/Discordia/perf_run/exhaustive_sweep_new/host-half-source/perf_all_3840x2160.stderr.log,/Volumes/Discordia/perf_run/exhaustive_sweep_new/host-half-source/perf_all_3840x2160.stdout.log
host-half-io,OK,PASSED,exact,dir-only,3840,2160,5,269.293,3.713,0.039,0.0,269.23,0.0,10.0,auto,1,buffer,custom,off,float,off,0.0,0.0,0.0,fused,half,half,contiguous,r2,512,float-buffer,offset-list,0.0,0.0,0.0,0.0,0.0,0.0,0.0,0.0,3704.0,0.0,1.0,1.0,1.0,0.0,0.621,0.0,off,0.0,1.0,0.0,0,1.0,/Volumes/Discordia/perf_run/exhaustive_sweep_new/host-half-io/perf_all_3840x2160.stderr.log,/Volumes/Discordia/perf_run/exhaustive_sweep_new/host-half-io/perf_all_3840x2160.stdout.log
tg-8x32,OK,PASSED,exact,enlarged-production-grain,1920,1080,5,48.032,20.819,0.05,0.0,47.963,0.0,12.0,8x32,1,buffer,custom,off,float,off,0.0,0.0,0.0,fused,float,float,contiguous,r2,512,float-buffer,offset-list,0.0,0.0,0.0,0.0,0.0,0.0,0.0,0.0,584.0,0.0,1.0,0.0,1.0,0.0,0.716,0.0,off,0.0,1.0,1.0,0,1.0,/Volumes/Discordia/perf_run/exhaustive_sweep_new/tg-8x32/perf_all_1920x1080.stderr.log,/Volumes/Discordia/perf_run/exhaustive_sweep_new/tg-8x32/perf_all_1920x1080.stdout.log
host-offset-float,OK,PASSED,exact,enlarged-production-grain,1920,1080,5,50.839,19.67,0.063,1.132,48.509,1.122,12.0,auto,1,buffer,custom,off,float,off,0.0,0.0,0.0,fused,float,float,offset,r2,512,float-buffer,offset-list,0.0,0.0,0.0,0.0,0.0,0.0,0.0,0.0,33178184.0,0.0,0.0,0.0,1.0,0.0,0.716,0.0,off,0.0,1.0,1.0,0,0.0,/Volumes/Discordia/perf_run/exhaustive_sweep_new/host-offset-float/perf_all_1920x1080.stderr.log,/Volumes/Discordia/perf_run/exhaustive_sweep_new/host-offset-float/perf_all_1920x1080.stdout.log
host-strided-float,OK,PASSED,exact,enlarged-production-grain,1920,1080,5,51.149,19.551,0.064,1.159,48.514,1.398,12.0,auto,1,buffer,custom,off,float,off,0.0,0.0,0.0,fused,float,float,strided,r2,512,float-buffer,offset-list,0.0,0.0,0.0,0.0,0.0,0.0,0.0,0.0,33178184.0,0.0,0.0,0.0,1.0,0.0,0.716,0.0,off,0.0,1.0,1.0,0,0.0,/Volumes/Discordia/perf_run/exhaustive_sweep_new/host-strided-float/perf_all_1920x1080.stderr.log,/Volumes/Discordia/perf_run/exhaustive_sweep_new/host-strided-float/perf_all_1920x1080.stdout.log
host-half-destination,OK,PASSED,exact,enlarged-production-grain,1920,1080,5,49.305,20.282,0.061,0.0,49.223,0.0,13.0,auto,1,buffer,custom,off,float,off,0.0,0.0,0.0,fused,float,half,contiguous,r2,512,float-buffer,offset-list,0.0,0.0,0.0,0.0,0.0,0.0,0.0,0.0,584.0,0.0,1.0,0.0,1.0,0.0,0.716,0.0,off,0.0,1.0,1.0,0,1.0,/Volumes/Discordia/perf_run/exhaustive_sweep_new/host-half-destination/perf_all_1920x1080.stderr.log,/Volumes/Discordia/perf_run/exhaustive_sweep_new/host-half-destination/perf_all_1920x1080.stdout.log
host-half-source,OK,PASSED,exact,enlarged-production-grain,1920,1080,5,50.031,19.987,0.071,0.0,49.934,0.0,13.0,auto,1,buffer,custom,off,float,off,0.0,0.0,0.0,fused,half,float,contiguous,r2,512,float-buffer,offset-list,0.0,0.0,0.0,0.0,0.0,0.0,0.0,0.0,584.0,0.0,1.0,0.0,1.0,0.0,0.716,0.0,off,0.0,1.0,1.0,0,1.0,/Volumes/Discordia/perf_run/exhaustive_sweep_new/host-half-source/perf_all_1920x1080.stderr.log,/Volumes/Discordia/perf_run/exhaustive_sweep_new/host-half-source/perf_all_1920x1080.stdout.log
host-half-io,OK,PASSED,exact,enlarged-production-grain,1920,1080,5,50.52,19.794,0.074,0.0,50.414,0.0,14.0,auto,1,buffer,custom,off,float,off,0.0,0.0,0.0,fused,half,half,contiguous,r2,512,float-buffer,offset-list,0.0,0.0,0.0,0.0,0.0,0.0,0.0,0.0,584.0,0.0,1.0,0.0,1.0,0.0,0.716,0.0,off,0.0,1.0,1.0,0,1.0,/Volumes/Discordia/perf_run/exhaustive_sweep_new/host-half-io/perf_all_1920x1080.stderr.log,/Volumes/Discordia/perf_run/exhaustive_sweep_new/host-half-io/perf_all_1920x1080.stdout.log
grain-blur-recurrence,OK,PASSED,exact,enlarged-production-grain,3840,2160,5,192.193,5.203,0.049,0.0,192.12,0.0,12.0,auto,1,buffer,custom,off,float,off,0.0,0.0,1.0,fused,float,float,contiguous,r2,512,float-buffer,offset-list,0.0,0.0,0.0,0.0,0.0,0.0,0.0,0.0,584.0,0.0,1.0,0.0,1.0,0.0,0.703,0.0,off,0.0,1.0,1.0,0,1.0,/Volumes/Discordia/perf_run/exhaustive_sweep_new/grain-blur-recurrence/perf_all_3840x2160.stderr.log,/Volumes/Discordia/perf_run/exhaustive_sweep_new/grain-blur-recurrence/perf_all_3840x2160.stdout.log
host-offset-float,OK,PASSED,exact,enlarged-production-grain,3840,2160,5,211.785,4.722,0.049,3.71,201.603,6.416,12.0,auto,1,buffer,custom,off,float,off,0.0,0.0,0.0,fused,float,float,offset,r2,512,float-buffer,offset-list,0.0,0.0,0.0,0.0,0.0,0.0,0.0,0.0,132710984.0,0.0,0.0,0.0,1.0,0.0,0.703,0.0,off,0.0,1.0,1.0,0,0.0,/Volumes/Discordia/perf_run/exhaustive_sweep_new/host-offset-float/perf_all_3840x2160.stderr.log,/Volumes/Discordia/perf_run/exhaustive_sweep_new/host-offset-float/perf_all_3840x2160.stdout.log
host-strided-float,OK,PASSED,exact,enlarged-production-grain,3840,2160,5,211.534,4.727,0.051,3.872,200.193,7.409,12.0,auto,1,buffer,custom,off,float,off,0.0,0.0,0.0,fused,float,float,strided,r2,512,float-buffer,offset-list,0.0,0.0,0.0,0.0,0.0,0.0,0.0,0.0,132710984.0,0.0,0.0,0.0,1.0,0.0,0.703,0.0,off,0.0,1.0,1.0,0,0.0,/Volumes/Discordia/perf_run/exhaustive_sweep_new/host-strided-float/perf_all_3840x2160.stderr.log,/Volumes/Discordia/perf_run/exhaustive_sweep_new/host-strided-float/perf_all_3840x2160.stdout.log
host-half-destination,OK,PASSED,exact,enlarged-production-grain,3840,2160,5,204.291,4.895,0.056,0.0,204.223,0.0,13.0,auto,1,buffer,custom,off,float,off,0.0,0.0,0.0,fused,float,half,contiguous,r2,512,float-buffer,offset-list,0.0,0.0,0.0,0.0,0.0,0.0,0.0,0.0,584.0,0.0,1.0,0.0,1.0,0.0,0.703,0.0,off,0.0,1.0,1.0,0,1.0,/Volumes/Discordia/perf_run/exhaustive_sweep_new/host-half-destination/perf_all_3840x2160.stderr.log,/Volumes/Discordia/perf_run/exhaustive_sweep_new/host-half-destination/perf_all_3840x2160.stdout.log
host-half-source,OK,PASSED,exact,enlarged-production-grain,3840,2160,5,206.181,4.85,0.044,0.0,206.108,0.0,13.0,auto,1,buffer,custom,off,float,off,0.0,0.0,0.0,fused,half,float,contiguous,r2,512,float-buffer,offset-list,0.0,0.0,0.0,0.0,0.0,0.0,0.0,0.0,584.0,0.0,1.0,0.0,1.0,0.0,0.703,0.0,off,0.0,1.0,1.0,0,1.0,/Volumes/Discordia/perf_run/exhaustive_sweep_new/host-half-source/perf_all_3840x2160.stderr.log,/Volumes/Discordia/perf_run/exhaustive_sweep_new/host-half-source/perf_all_3840x2160.stdout.log
host-half-io,OK,PASSED,exact,enlarged-production-grain,3840,2160,5,205.48,4.867,0.07,0.0,205.386,0.0,14.0,auto,1,buffer,custom,off,float,off,0.0,0.0,0.0,fused,half,half,contiguous,r2,512,float-buffer,offset-list,0.0,0.0,0.0,0.0,0.0,0.0,0.0,0.0,584.0,0.0,1.0,0.0,1.0,0.0,0.703,0.0,off,0.0,1.0,1.0,0,1.0,/Volumes/Discordia/perf_run/exhaustive_sweep_new/host-half-io/perf_all_3840x2160.stderr.log,/Volumes/Discordia/perf_run/exhaustive_sweep_new/host-half-io/perf_all_3840x2160.stdout.log
blur-backend-custom,OK,PASSED,exact,halation-boost,1920,1080,5,24.207,41.311,0.036,0.0,24.149,0.0,24.0,auto,1,buffer,custom,off,float,off,0.0,0.0,0.0,fused,float,float,contiguous,r2,512,float-buffer,offset-list,0.0,0.0,0.0,0.0,0.0,0.0,0.0,0.0,584.0,0.0,1.0,0.0,1.0,1.0,0.648,0.0,off,0.0,1.0,0.0,0,1.0,/Volumes/Discordia/perf_run/exhaustive_sweep_new/blur-backend-custom/perf_all_1920x1080.stderr.log,/Volumes/Discordia/perf_run/exhaustive_sweep_new/blur-backend-custom/perf_all_1920x1080.stdout.log
host-offset-float,OK,PASSED,exact,halation-boost,1920,1080,5,25.393,39.38,0.062,0.885,23.57,0.866,24.0,auto,1,buffer,custom,off,float,off,0.0,0.0,0.0,fused,float,float,offset,r2,512,float-buffer,offset-list,0.0,0.0,0.0,0.0,0.0,0.0,0.0,0.0,33178184.0,0.0,0.0,0.0,1.0,1.0,0.648,0.0,off,0.0,1.0,0.0,0,0.0,/Volumes/Discordia/perf_run/exhaustive_sweep_new/host-offset-float/perf_all_1920x1080.stderr.log,/Volumes/Discordia/perf_run/exhaustive_sweep_new/host-offset-float/perf_all_1920x1080.stdout.log
host-strided-float,OK,PASSED,exact,halation-boost,1920,1080,5,26.228,38.127,0.065,1.161,23.584,1.408,24.0,auto,1,buffer,custom,off,float,off,0.0,0.0,0.0,fused,float,float,strided,r2,512,float-buffer,offset-list,0.0,0.0,0.0,0.0,0.0,0.0,0.0,0.0,33178184.0,0.0,0.0,0.0,1.0,1.0,0.648,0.0,off,0.0,1.0,0.0,0,0.0,/Volumes/Discordia/perf_run/exhaustive_sweep_new/host-strided-float/perf_all_1920x1080.stderr.log,/Volumes/Discordia/perf_run/exhaustive_sweep_new/host-strided-float/perf_all_1920x1080.stdout.log
host-half-destination,OK,PASSED,exact,halation-boost,1920,1080,5,24.428,40.936,0.053,0.0,24.36,0.0,25.0,auto,1,buffer,custom,off,float,off,0.0,0.0,0.0,fused,float,half,contiguous,r2,512,float-buffer,offset-list,0.0,0.0,0.0,0.0,0.0,0.0,0.0,0.0,584.0,0.0,1.0,0.0,1.0,1.0,0.648,0.0,off,0.0,1.0,0.0,0,1.0,/Volumes/Discordia/perf_run/exhaustive_sweep_new/host-half-destination/perf_all_1920x1080.stderr.log,/Volumes/Discordia/perf_run/exhaustive_sweep_new/host-half-destination/perf_all_1920x1080.stdout.log
host-half-source,OK,PASSED,exact,halation-boost,1920,1080,5,24.465,40.874,0.062,0.0,24.383,0.0,25.0,auto,1,buffer,custom,off,float,off,0.0,0.0,0.0,fused,half,float,contiguous,r2,512,float-buffer,offset-list,0.0,0.0,0.0,0.0,0.0,0.0,0.0,0.0,584.0,0.0,1.0,0.0,1.0,1.0,0.647,0.0,off,0.0,1.0,0.0,0,1.0,/Volumes/Discordia/perf_run/exhaustive_sweep_new/host-half-source/perf_all_1920x1080.stderr.log,/Volumes/Discordia/perf_run/exhaustive_sweep_new/host-half-source/perf_all_1920x1080.stdout.log
host-half-io,OK,PASSED,exact,halation-boost,1920,1080,5,24.451,40.898,0.079,0.0,24.345,0.0,26.0,auto,1,buffer,custom,off,float,off,0.0,0.0,0.0,fused,half,half,contiguous,r2,512,float-buffer,offset-list,0.0,0.0,0.0,0.0,0.0,0.0,0.0,0.0,584.0,0.0,1.0,0.0,1.0,1.0,0.647,0.0,off,0.0,1.0,0.0,0,1.0,/Volumes/Discordia/perf_run/exhaustive_sweep_new/host-half-io/perf_all_1920x1080.stderr.log,/Volumes/Discordia/perf_run/exhaustive_sweep_new/host-half-io/perf_all_1920x1080.stdout.log
threadgroup-64x4,OK,PASSED,exact,halation-boost,3840,2160,5,131.691,7.594,0.053,0.0,131.616,0.0,24.0,64x4,1,buffer,custom,off,float,off,0.0,0.0,0.0,fused,float,float,contiguous,r2,512,float-buffer,offset-list,0.0,0.0,0.0,0.0,0.0,0.0,0.0,0.0,584.0,0.0,1.0,0.0,1.0,1.0,0.648,0.0,off,0.0,1.0,0.0,0,1.0,/Volumes/Discordia/perf_run/exhaustive_sweep_new/threadgroup-64x4/perf_all_3840x2160.stderr.log,/Volumes/Discordia/perf_run/exhaustive_sweep_new/threadgroup-64x4/perf_all_3840x2160.stdout.log
host-offset-float,OK,PASSED,exact,halation-boost,3840,2160,5,138.088,7.242,0.06,3.241,129.417,5.36,24.0,auto,1,buffer,custom,off,float,off,0.0,0.0,0.0,fused,float,float,offset,r2,512,float-buffer,offset-list,0.0,0.0,0.0,0.0,0.0,0.0,0.0,0.0,132710984.0,0.0,0.0,0.0,1.0,1.0,0.648,0.0,off,0.0,1.0,0.0,0,0.0,/Volumes/Discordia/perf_run/exhaustive_sweep_new/host-offset-float/perf_all_3840x2160.stderr.log,/Volumes/Discordia/perf_run/exhaustive_sweep_new/host-offset-float/perf_all_3840x2160.stdout.log
host-strided-float,OK,PASSED,exact,halation-boost,3840,2160,5,138.568,7.217,0.051,3.521,129.373,5.617,24.0,auto,1,buffer,custom,off,float,off,0.0,0.0,0.0,fused,float,float,strided,r2,512,float-buffer,offset-list,0.0,0.0,0.0,0.0,0.0,0.0,0.0,0.0,132710984.0,0.0,0.0,0.0,1.0,1.0,0.648,0.0,off,0.0,1.0,0.0,0,0.0,/Volumes/Discordia/perf_run/exhaustive_sweep_new/host-strided-float/perf_all_3840x2160.stderr.log,/Volumes/Discordia/perf_run/exhaustive_sweep_new/host-strided-float/perf_all_3840x2160.stdout.log
host-half-destination,OK,PASSED,exact,halation-boost,3840,2160,5,132.642,7.539,0.087,0.0,132.527,0.0,25.0,auto,1,buffer,custom,off,float,off,0.0,0.0,0.0,fused,float,half,contiguous,r2,512,float-buffer,offset-list,0.0,0.0,0.0,0.0,0.0,0.0,0.0,0.0,584.0,0.0,1.0,0.0,1.0,1.0,0.648,0.0,off,0.0,1.0,0.0,0,1.0,/Volumes/Discordia/perf_run/exhaustive_sweep_new/host-half-destination/perf_all_3840x2160.stderr.log,/Volumes/Discordia/perf_run/exhaustive_sweep_new/host-half-destination/perf_all_3840x2160.stdout.log
host-half-source,OK,PASSED,exact,halation-boost,3840,2160,5,132.849,7.527,0.046,0.0,132.777,0.0,25.0,auto,1,buffer,custom,off,float,off,0.0,0.0,0.0,fused,half,float,contiguous,r2,512,float-buffer,offset-list,0.0,0.0,0.0,0.0,0.0,0.0,0.0,0.0,584.0,0.0,1.0,0.0,1.0,1.0,0.648,0.0,off,0.0,1.0,0.0,0,1.0,/Volumes/Discordia/perf_run/exhaustive_sweep_new/host-half-source/perf_all_3840x2160.stderr.log,/Volumes/Discordia/perf_run/exhaustive_sweep_new/host-half-source/perf_all_3840x2160.stdout.log
host-half-io,OK,PASSED,exact,halation-boost,3840,2160,5,132.844,7.528,0.038,0.0,132.783,0.0,26.0,auto,1,buffer,custom,off,float,off,0.0,0.0,0.0,fused,half,half,contiguous,r2,512,float-buffer,offset-list,0.0,0.0,0.0,0.0,0.0,0.0,0.0,0.0,584.0,0.0,1.0,0.0,1.0,1.0,0.648,0.0,off,0.0,1.0,0.0,0,1.0,/Volumes/Discordia/perf_run/exhaustive_sweep_new/host-half-io/perf_all_3840x2160.stderr.log,/Volumes/Discordia/perf_run/exhaustive_sweep_new/host-half-io/perf_all_3840x2160.stdout.log
tg-auto,OK,PASSED,exact,halation-only,1920,1080,5,22.827,43.807,0.052,0.0,22.76,0.0,21.0,auto,1,buffer,custom,off,float,off,0.0,0.0,0.0,fused,float,float,contiguous,r2,512,float-buffer,offset-list,0.0,0.0,0.0,0.0,0.0,0.0,0.0,0.0,584.0,0.0,1.0,0.0,1.0,1.0,0.647,0.0,off,0.0,1.0,0.0,0,1.0,/Volumes/Discordia/perf_run/exhaustive_sweep_new/tg-auto/perf_all_1920x1080.stderr.log,/Volumes/Discordia/perf_run/exhaustive_sweep_new/tg-auto/perf_all_1920x1080.stdout.log
host-offset-float,OK,PASSED,exact,halation-only,1920,1080,5,23.959,41.738,0.058,0.855,22.17,0.865,21.0,auto,1,buffer,custom,off,float,off,0.0,0.0,0.0,fused,float,float,offset,r2,512,float-buffer,offset-list,0.0,0.0,0.0,0.0,0.0,0.0,0.0,0.0,33178184.0,0.0,0.0,0.0,1.0,1.0,0.647,0.0,off,0.0,1.0,0.0,0,0.0,/Volumes/Discordia/perf_run/exhaustive_sweep_new/host-offset-float/perf_all_1920x1080.stderr.log,/Volumes/Discordia/perf_run/exhaustive_sweep_new/host-offset-float/perf_all_1920x1080.stdout.log
host-strided-float,OK,PASSED,exact,halation-only,1920,1080,5,24.614,40.627,0.058,0.884,22.38,1.281,21.0,auto,1,buffer,custom,off,float,off,0.0,0.0,0.0,fused,float,float,strided,r2,512,float-buffer,offset-list,0.0,0.0,0.0,0.0,0.0,0.0,0.0,0.0,33178184.0,0.0,0.0,0.0,1.0,1.0,0.647,0.0,off,0.0,1.0,0.0,0,0.0,/Volumes/Discordia/perf_run/exhaustive_sweep_new/host-strided-float/perf_all_1920x1080.stderr.log,/Volumes/Discordia/perf_run/exhaustive_sweep_new/host-strided-float/perf_all_1920x1080.stdout.log
host-half-destination,OK,PASSED,exact,halation-only,1920,1080,5,23.066,43.353,0.059,0.0,22.987,0.0,22.0,auto,1,buffer,custom,off,float,off,0.0,0.0,0.0,fused,float,half,contiguous,r2,512,float-buffer,offset-list,0.0,0.0,0.0,0.0,0.0,0.0,0.0,0.0,584.0,0.0,1.0,0.0,1.0,1.0,0.647,0.0,off,0.0,1.0,0.0,0,1.0,/Volumes/Discordia/perf_run/exhaustive_sweep_new/host-half-destination/perf_all_1920x1080.stderr.log,/Volumes/Discordia/perf_run/exhaustive_sweep_new/host-half-destination/perf_all_1920x1080.stdout.log
host-half-source,OK,PASSED,exact,halation-only,1920,1080,5,23.154,43.189,0.061,0.0,23.067,0.0,22.0,auto,1,buffer,custom,off,float,off,0.0,0.0,0.0,fused,half,float,contiguous,r2,512,float-buffer,offset-list,0.0,0.0,0.0,0.0,0.0,0.0,0.0,0.0,584.0,0.0,1.0,0.0,1.0,1.0,0.647,0.0,off,0.0,1.0,0.0,0,1.0,/Volumes/Discordia/perf_run/exhaustive_sweep_new/host-half-source/perf_all_1920x1080.stderr.log,/Volumes/Discordia/perf_run/exhaustive_sweep_new/host-half-source/perf_all_1920x1080.stdout.log
host-half-io,OK,PASSED,exact,halation-only,1920,1080,5,23.277,42.96,0.08,0.0,23.167,0.0,23.0,auto,1,buffer,custom,off,float,off,0.0,0.0,0.0,fused,half,half,contiguous,r2,512,float-buffer,offset-list,0.0,0.0,0.0,0.0,0.0,0.0,0.0,0.0,584.0,0.0,1.0,0.0,1.0,1.0,0.647,0.0,off,0.0,1.0,0.0,0,1.0,/Volumes/Discordia/perf_run/exhaustive_sweep_new/host-half-io/perf_all_1920x1080.stderr.log,/Volumes/Discordia/perf_run/exhaustive_sweep_new/host-half-io/perf_all_1920x1080.stdout.log
threadgroup-64x4,OK,PASSED,exact,halation-only,3840,2160,5,126.077,7.932,0.052,0.0,126.003,0.0,21.0,64x4,1,buffer,custom,off,float,off,0.0,0.0,0.0,fused,float,float,contiguous,r2,512,float-buffer,offset-list,0.0,0.0,0.0,0.0,0.0,0.0,0.0,0.0,584.0,0.0,1.0,0.0,1.0,1.0,0.647,0.0,off,0.0,1.0,0.0,0,1.0,/Volumes/Discordia/perf_run/exhaustive_sweep_new/threadgroup-64x4/perf_all_3840x2160.stderr.log,/Volumes/Discordia/perf_run/exhaustive_sweep_new/threadgroup-64x4/perf_all_3840x2160.stdout.log
host-offset-float,OK,PASSED,exact,halation-only,3840,2160,5,132.121,7.569,0.048,3.39,123.739,4.938,21.0,auto,1,buffer,custom,off,float,off,0.0,0.0,0.0,fused,float,float,offset,r2,512,float-buffer,offset-list,0.0,0.0,0.0,0.0,0.0,0.0,0.0,0.0,132710984.0,0.0,0.0,0.0,1.0,1.0,0.647,0.0,off,0.0,1.0,0.0,0,0.0,/Volumes/Discordia/perf_run/exhaustive_sweep_new/host-offset-float/perf_all_3840x2160.stderr.log,/Volumes/Discordia/perf_run/exhaustive_sweep_new/host-offset-float/perf_all_3840x2160.stdout.log
host-strided-float,OK,PASSED,exact,halation-only,3840,2160,5,133.055,7.516,0.047,3.238,123.741,6.022,21.0,auto,1,buffer,custom,off,float,off,0.0,0.0,0.0,fused,float,float,strided,r2,512,float-buffer,offset-list,0.0,0.0,0.0,0.0,0.0,0.0,0.0,0.0,132710984.0,0.0,0.0,0.0,1.0,1.0,0.647,0.0,off,0.0,1.0,0.0,0,0.0,/Volumes/Discordia/perf_run/exhaustive_sweep_new/host-strided-float/perf_all_3840x2160.stderr.log,/Volumes/Discordia/perf_run/exhaustive_sweep_new/host-strided-float/perf_all_3840x2160.stdout.log
host-half-destination,OK,PASSED,exact,halation-only,3840,2160,5,127.379,7.851,0.09,0.0,127.258,0.0,22.0,auto,1,buffer,custom,off,float,off,0.0,0.0,0.0,fused,float,half,contiguous,r2,512,float-buffer,offset-list,0.0,0.0,0.0,0.0,0.0,0.0,0.0,0.0,584.0,0.0,1.0,0.0,1.0,1.0,0.647,0.0,off,0.0,1.0,0.0,0,1.0,/Volumes/Discordia/perf_run/exhaustive_sweep_new/host-half-destination/perf_all_3840x2160.stderr.log,/Volumes/Discordia/perf_run/exhaustive_sweep_new/host-half-destination/perf_all_3840x2160.stdout.log
host-half-source,OK,PASSED,exact,halation-only,3840,2160,5,126.749,7.89,0.045,0.0,126.676,0.0,22.0,auto,1,buffer,custom,off,float,off,0.0,0.0,0.0,fused,half,float,contiguous,r2,512,float-buffer,offset-list,0.0,0.0,0.0,0.0,0.0,0.0,0.0,0.0,584.0,0.0,1.0,0.0,1.0,1.0,0.647,0.0,off,0.0,1.0,0.0,0,1.0,/Volumes/Discordia/perf_run/exhaustive_sweep_new/host-half-source/perf_all_3840x2160.stderr.log,/Volumes/Discordia/perf_run/exhaustive_sweep_new/host-half-source/perf_all_3840x2160.stdout.log
host-half-io,OK,PASSED,exact,halation-only,3840,2160,5,127.269,7.857,0.036,0.0,127.21,0.0,23.0,auto,1,buffer,custom,off,float,off,0.0,0.0,0.0,fused,half,half,contiguous,r2,512,float-buffer,offset-list,0.0,0.0,0.0,0.0,0.0,0.0,0.0,0.0,584.0,0.0,1.0,0.0,1.0,1.0,0.647,0.0,off,0.0,1.0,0.0,0,1.0,/Volumes/Discordia/perf_run/exhaustive_sweep_new/host-half-io/perf_all_3840x2160.stderr.log,/Volumes/Discordia/perf_run/exhaustive_sweep_new/host-half-io/perf_all_3840x2160.stdout.log
diffusion-group-4,OK,PASSED,exact,print-diffusion-only,1920,1080,5,321.444,3.111,0.063,0.0,321.364,0.0,21.0,auto,4,buffer,custom,off,float,off,0.0,0.0,0.0,fused,float,float,contiguous,r2,512,float-buffer,offset-list,0.0,0.0,0.0,0.0,0.0,0.0,0.0,0.0,1032.0,0.0,1.0,0.0,1.0,0.0,0.647,0.0,off,1.0,1.0,0.0,0,1.0,/Volumes/Discordia/perf_run/exhaustive_sweep_new/diffusion-group-4/perf_all_1920x1080.stderr.log,/Volumes/Discordia/perf_run/exhaustive_sweep_new/diffusion-group-4/perf_all_1920x1080.stdout.log
host-offset-float,OK,PASSED,exact,print-diffusion-only,1920,1080,5,352.37,2.838,0.1,1.116,349.958,1.181,61.0,auto,1,buffer,custom,off,float,off,0.0,0.0,0.0,fused,float,float,offset,r2,512,float-buffer,offset-list,0.0,0.0,0.0,0.0,0.0,0.0,0.0,0.0,33178632.0,0.0,0.0,0.0,1.0,0.0,0.647,0.0,off,1.0,1.0,0.0,0,0.0,/Volumes/Discordia/perf_run/exhaustive_sweep_new/host-offset-float/perf_all_1920x1080.stderr.log,/Volumes/Discordia/perf_run/exhaustive_sweep_new/host-offset-float/perf_all_1920x1080.stdout.log
host-strided-float,OK,PASSED,exact,print-diffusion-only,1920,1080,5,353.033,2.833,0.153,1.322,349.989,1.557,61.0,auto,1,buffer,custom,off,float,off,0.0,0.0,0.0,fused,float,float,strided,r2,512,float-buffer,offset-list,0.0,0.0,0.0,0.0,0.0,0.0,0.0,0.0,33178632.0,0.0,0.0,0.0,1.0,0.0,0.647,0.0,off,1.0,1.0,0.0,0,0.0,/Volumes/Discordia/perf_run/exhaustive_sweep_new/host-strided-float/perf_all_1920x1080.stderr.log,/Volumes/Discordia/perf_run/exhaustive_sweep_new/host-strided-float/perf_all_1920x1080.stdout.log
host-half-destination,OK,PASSED,exact,print-diffusion-only,1920,1080,5,350.286,2.855,0.079,0.0,350.188,0.0,62.0,auto,1,buffer,custom,off,float,off,0.0,0.0,0.0,fused,float,half,contiguous,r2,512,float-buffer,offset-list,0.0,0.0,0.0,0.0,0.0,0.0,0.0,0.0,1032.0,0.0,1.0,0.0,1.0,0.0,0.647,0.0,off,1.0,1.0,0.0,0,1.0,/Volumes/Discordia/perf_run/exhaustive_sweep_new/host-half-destination/perf_all_1920x1080.stderr.log,/Volumes/Discordia/perf_run/exhaustive_sweep_new/host-half-destination/perf_all_1920x1080.stdout.log
host-half-source,OK,PASSED,exact,print-diffusion-only,1920,1080,5,350.49,2.853,0.08,0.0,350.388,0.0,62.0,auto,1,buffer,custom,off,float,off,0.0,0.0,0.0,fused,half,float,contiguous,r2,512,float-buffer,offset-list,0.0,0.0,0.0,0.0,0.0,0.0,0.0,0.0,1032.0,0.0,1.0,0.0,1.0,0.0,0.647,0.0,off,1.0,1.0,0.0,0,1.0,/Volumes/Discordia/perf_run/exhaustive_sweep_new/host-half-source/perf_all_1920x1080.stderr.log,/Volumes/Discordia/perf_run/exhaustive_sweep_new/host-half-source/perf_all_1920x1080.stdout.log
host-half-io,OK,PASSED,exact,print-diffusion-only,1920,1080,5,351.34,2.846,0.091,0.0,351.213,0.0,63.0,auto,1,buffer,custom,off,float,off,0.0,0.0,0.0,fused,half,half,contiguous,r2,512,float-buffer,offset-list,0.0,0.0,0.0,0.0,0.0,0.0,0.0,0.0,1032.0,0.0,1.0,0.0,1.0,0.0,0.647,0.0,off,1.0,1.0,0.0,0,1.0,/Volumes/Discordia/perf_run/exhaustive_sweep_new/host-half-io/perf_all_1920x1080.stderr.log,/Volumes/Discordia/perf_run/exhaustive_sweep_new/host-half-io/perf_all_1920x1080.stdout.log
diffusion-group-2,OK,PASSED,exact,print-diffusion-only,3840,2160,5,1942.501,0.515,0.052,0.0,1942.428,0.0,35.0,auto,2,buffer,custom,off,float,off,0.0,0.0,0.0,fused,float,float,contiguous,r2,512,float-buffer,offset-list,0.0,0.0,0.0,0.0,0.0,0.0,0.0,0.0,1032.0,0.0,1.0,0.0,1.0,0.0,0.647,0.0,off,1.0,1.0,0.0,0,1.0,/Volumes/Discordia/perf_run/exhaustive_sweep_new/diffusion-group-2/perf_all_3840x2160.stderr.log,/Volumes/Discordia/perf_run/exhaustive_sweep_new/diffusion-group-2/perf_all_3840x2160.stdout.log
host-offset-float,OK,PASSED,exact,print-diffusion-only,3840,2160,5,2113.268,0.473,0.088,3.78,2102.98,6.407,61.0,auto,1,buffer,custom,off,float,off,0.0,0.0,0.0,fused,float,float,offset,r2,512,float-buffer,offset-list,0.0,0.0,0.0,0.0,0.0,0.0,0.0,0.0,132711432.0,0.0,0.0,0.0,1.0,0.0,0.647,0.0,off,1.0,1.0,0.0,0,0.0,/Volumes/Discordia/perf_run/exhaustive_sweep_new/host-offset-float/perf_all_3840x2160.stderr.log,/Volumes/Discordia/perf_run/exhaustive_sweep_new/host-offset-float/perf_all_3840x2160.stdout.log
host-strided-float,OK,PASSED,exact,print-diffusion-only,3840,2160,5,2115.375,0.473,0.075,3.991,2104.322,6.975,61.0,auto,1,buffer,custom,off,float,off,0.0,0.0,0.0,fused,float,float,strided,r2,512,float-buffer,offset-list,0.0,0.0,0.0,0.0,0.0,0.0,0.0,0.0,132711432.0,0.0,0.0,0.0,1.0,0.0,0.647,0.0,off,1.0,1.0,0.0,0,0.0,/Volumes/Discordia/perf_run/exhaustive_sweep_new/host-strided-float/perf_all_3840x2160.stderr.log,/Volumes/Discordia/perf_run/exhaustive_sweep_new/host-strided-float/perf_all_3840x2160.stdout.log
host-half-destination,OK,PASSED,exact,print-diffusion-only,3840,2160,5,2085.652,0.479,0.138,0.0,2085.476,0.0,62.0,auto,1,buffer,custom,off,float,off,0.0,0.0,0.0,fused,float,half,contiguous,r2,512,float-buffer,offset-list,0.0,0.0,0.0,0.0,0.0,0.0,0.0,0.0,1032.0,0.0,1.0,0.0,1.0,0.0,0.647,0.0,off,1.0,1.0,0.0,0,1.0,/Volumes/Discordia/perf_run/exhaustive_sweep_new/host-half-destination/perf_all_3840x2160.stderr.log,/Volumes/Discordia/perf_run/exhaustive_sweep_new/host-half-destination/perf_all_3840x2160.stdout.log
host-half-source,OK,PASSED,exact,print-diffusion-only,3840,2160,5,2097.156,0.477,0.102,0.0,2097.023,0.0,62.0,auto,1,buffer,custom,off,float,off,0.0,0.0,0.0,fused,half,float,contiguous,r2,512,float-buffer,offset-list,0.0,0.0,0.0,0.0,0.0,0.0,0.0,0.0,1032.0,0.0,1.0,0.0,1.0,0.0,0.647,0.0,off,1.0,1.0,0.0,0,1.0,/Volumes/Discordia/perf_run/exhaustive_sweep_new/host-half-source/perf_all_3840x2160.stderr.log,/Volumes/Discordia/perf_run/exhaustive_sweep_new/host-half-source/perf_all_3840x2160.stdout.log
host-half-io,OK,PASSED,exact,print-diffusion-only,3840,2160,5,2122.006,0.471,0.065,0.0,2121.922,0.0,63.0,auto,1,buffer,custom,off,float,off,0.0,0.0,0.0,fused,half,half,contiguous,r2,512,float-buffer,offset-list,0.0,0.0,0.0,0.0,0.0,0.0,0.0,0.0,1032.0,0.0,1.0,0.0,1.0,0.0,0.647,0.0,off,1.0,1.0,0.0,0,1.0,/Volumes/Discordia/perf_run/exhaustive_sweep_new/host-half-io/perf_all_3840x2160.stderr.log,/Volumes/Discordia/perf_run/exhaustive_sweep_new/host-half-io/perf_all_3840x2160.stdout.log
tg-8x32,OK,PASSED,exact,production-grain,1920,1080,5,45.322,22.064,0.037,0.0,45.261,0.0,11.0,8x32,1,buffer,custom,off,float,off,0.0,0.0,0.0,fused,float,float,contiguous,r2,512,float-buffer,offset-list,0.0,0.0,0.0,0.0,0.0,0.0,0.0,0.0,584.0,0.0,1.0,0.0,1.0,0.0,0.645,0.0,off,0.0,1.0,1.0,0,1.0,/Volumes/Discordia/perf_run/exhaustive_sweep_new/tg-8x32/perf_all_1920x1080.stderr.log,/Volumes/Discordia/perf_run/exhaustive_sweep_new/tg-8x32/perf_all_1920x1080.stdout.log
host-offset-float,OK,PASSED,exact,production-grain,1920,1080,5,48.045,20.814,0.06,1.097,45.72,1.162,11.0,auto,1,buffer,custom,off,float,off,0.0,0.0,0.0,fused,float,float,offset,r2,512,float-buffer,offset-list,0.0,0.0,0.0,0.0,0.0,0.0,0.0,0.0,33178184.0,0.0,0.0,0.0,1.0,0.0,0.645,0.0,off,0.0,1.0,1.0,0,0.0,/Volumes/Discordia/perf_run/exhaustive_sweep_new/host-offset-float/perf_all_1920x1080.stderr.log,/Volumes/Discordia/perf_run/exhaustive_sweep_new/host-offset-float/perf_all_1920x1080.stdout.log
host-strided-float,OK,PASSED,exact,production-grain,1920,1080,5,49.021,20.4,0.072,1.438,45.969,1.529,11.0,auto,1,buffer,custom,off,float,off,0.0,0.0,0.0,fused,float,float,strided,r2,512,float-buffer,offset-list,0.0,0.0,0.0,0.0,0.0,0.0,0.0,0.0,33178184.0,0.0,0.0,0.0,1.0,0.0,0.645,0.0,off,0.0,1.0,1.0,0,0.0,/Volumes/Discordia/perf_run/exhaustive_sweep_new/host-strided-float/perf_all_1920x1080.stderr.log,/Volumes/Discordia/perf_run/exhaustive_sweep_new/host-strided-float/perf_all_1920x1080.stdout.log
host-half-destination,OK,PASSED,exact,production-grain,1920,1080,5,47.172,21.199,0.078,0.0,47.061,0.0,12.0,auto,1,buffer,custom,off,float,off,0.0,0.0,0.0,fused,float,half,contiguous,r2,512,float-buffer,offset-list,0.0,0.0,0.0,0.0,0.0,0.0,0.0,0.0,584.0,0.0,1.0,0.0,1.0,0.0,0.645,0.0,off,0.0,1.0,1.0,0,1.0,/Volumes/Discordia/perf_run/exhaustive_sweep_new/host-half-destination/perf_all_1920x1080.stderr.log,/Volumes/Discordia/perf_run/exhaustive_sweep_new/host-half-destination/perf_all_1920x1080.stdout.log
host-half-source,OK,PASSED,exact,production-grain,1920,1080,5,47.239,21.169,0.073,0.0,47.141,0.0,12.0,auto,1,buffer,custom,off,float,off,0.0,0.0,0.0,fused,half,float,contiguous,r2,512,float-buffer,offset-list,0.0,0.0,0.0,0.0,0.0,0.0,0.0,0.0,584.0,0.0,1.0,0.0,1.0,0.0,0.645,0.0,off,0.0,1.0,1.0,0,1.0,/Volumes/Discordia/perf_run/exhaustive_sweep_new/host-half-source/perf_all_1920x1080.stderr.log,/Volumes/Discordia/perf_run/exhaustive_sweep_new/host-half-source/perf_all_1920x1080.stdout.log
host-half-io,OK,PASSED,exact,production-grain,1920,1080,5,47.449,21.075,0.069,0.0,47.348,0.0,13.0,auto,1,buffer,custom,off,float,off,0.0,0.0,0.0,fused,half,half,contiguous,r2,512,float-buffer,offset-list,0.0,0.0,0.0,0.0,0.0,0.0,0.0,0.0,584.0,0.0,1.0,0.0,1.0,0.0,0.645,0.0,off,0.0,1.0,1.0,0,1.0,/Volumes/Discordia/perf_run/exhaustive_sweep_new/host-half-io/perf_all_1920x1080.stderr.log,/Volumes/Discordia/perf_run/exhaustive_sweep_new/host-half-io/perf_all_1920x1080.stdout.log
grain-blur-recurrence,OK,PASSED,exact,production-grain,3840,2160,5,182.362,5.484,0.049,0.0,182.291,0.0,11.0,auto,1,buffer,custom,off,float,off,0.0,0.0,1.0,fused,float,float,contiguous,r2,512,float-buffer,offset-list,0.0,0.0,0.0,0.0,0.0,0.0,0.0,0.0,584.0,0.0,1.0,0.0,1.0,0.0,0.643,0.0,off,0.0,1.0,1.0,0,1.0,/Volumes/Discordia/perf_run/exhaustive_sweep_new/grain-blur-recurrence/perf_all_3840x2160.stderr.log,/Volumes/Discordia/perf_run/exhaustive_sweep_new/grain-blur-recurrence/perf_all_3840x2160.stdout.log
host-offset-float,OK,PASSED,exact,production-grain,3840,2160,5,194.274,5.147,0.052,4.019,184.047,6.147,11.0,auto,1,buffer,custom,off,float,off,0.0,0.0,0.0,fused,float,float,offset,r2,512,float-buffer,offset-list,0.0,0.0,0.0,0.0,0.0,0.0,0.0,0.0,132710984.0,0.0,0.0,0.0,1.0,0.0,0.643,0.0,off,0.0,1.0,1.0,0,0.0,/Volumes/Discordia/perf_run/exhaustive_sweep_new/host-offset-float/perf_all_3840x2160.stderr.log,/Volumes/Discordia/perf_run/exhaustive_sweep_new/host-offset-float/perf_all_3840x2160.stdout.log
host-strided-float,OK,PASSED,exact,production-grain,3840,2160,5,195.668,5.111,0.052,4.347,183.964,7.298,11.0,auto,1,buffer,custom,off,float,off,0.0,0.0,0.0,fused,float,float,strided,r2,512,float-buffer,offset-list,0.0,0.0,0.0,0.0,0.0,0.0,0.0,0.0,132710984.0,0.0,0.0,0.0,1.0,0.0,0.643,0.0,off,0.0,1.0,1.0,0,0.0,/Volumes/Discordia/perf_run/exhaustive_sweep_new/host-strided-float/perf_all_3840x2160.stderr.log,/Volumes/Discordia/perf_run/exhaustive_sweep_new/host-strided-float/perf_all_3840x2160.stdout.log
host-half-destination,OK,PASSED,exact,production-grain,3840,2160,5,188.837,5.296,0.072,0.0,188.743,0.0,12.0,auto,1,buffer,custom,off,float,off,0.0,0.0,0.0,fused,float,half,contiguous,r2,512,float-buffer,offset-list,0.0,0.0,0.0,0.0,0.0,0.0,0.0,0.0,584.0,0.0,1.0,0.0,1.0,0.0,0.643,0.0,off,0.0,1.0,1.0,0,1.0,/Volumes/Discordia/perf_run/exhaustive_sweep_new/host-half-destination/perf_all_3840x2160.stderr.log,/Volumes/Discordia/perf_run/exhaustive_sweep_new/host-half-destination/perf_all_3840x2160.stdout.log
host-half-source,OK,PASSED,exact,production-grain,3840,2160,5,189.629,5.273,0.093,0.0,189.509,0.0,12.0,auto,1,buffer,custom,off,float,off,0.0,0.0,0.0,fused,half,float,contiguous,r2,512,float-buffer,offset-list,0.0,0.0,0.0,0.0,0.0,0.0,0.0,0.0,584.0,0.0,1.0,0.0,1.0,0.0,0.643,0.0,off,0.0,1.0,1.0,0,1.0,/Volumes/Discordia/perf_run/exhaustive_sweep_new/host-half-source/perf_all_3840x2160.stderr.log,/Volumes/Discordia/perf_run/exhaustive_sweep_new/host-half-source/perf_all_3840x2160.stdout.log
host-half-io,OK,PASSED,exact,production-grain,3840,2160,5,188.78,5.297,0.105,0.0,188.441,0.0,13.0,auto,1,buffer,custom,off,float,off,0.0,0.0,0.0,fused,half,half,contiguous,r2,512,float-buffer,offset-list,0.0,0.0,0.0,0.0,0.0,0.0,0.0,0.0,584.0,0.0,1.0,0.0,1.0,0.0,0.643,0.0,off,0.0,1.0,1.0,0,1.0,/Volumes/Discordia/perf_run/exhaustive_sweep_new/host-half-io/perf_all_3840x2160.stderr.log,/Volumes/Discordia/perf_run/exhaustive_sweep_new/host-half-io/perf_all_3840x2160.stdout.log
tg-8x32,OK,PASSED,exact,production-grain-no-blur,1920,1080,5,20.399,49.022,0.039,0.0,20.345,0.0,7.0,8x32,1,buffer,custom,off,float,off,0.0,0.0,0.0,fused,float,float,contiguous,r2,512,float-buffer,offset-list,0.0,0.0,0.0,0.0,0.0,0.0,0.0,0.0,584.0,0.0,1.0,0.0,1.0,0.0,0.645,0.0,off,0.0,1.0,1.0,0,1.0,/Volumes/Discordia/perf_run/exhaustive_sweep_new/tg-8x32/perf_all_1920x1080.stderr.log,/Volumes/Discordia/perf_run/exhaustive_sweep_new/tg-8x32/perf_all_1920x1080.stdout.log
host-offset-float,OK,PASSED,exact,production-grain-no-blur,1920,1080,5,21.828,45.813,0.051,0.865,20.056,0.847,7.0,auto,1,buffer,custom,off,float,off,0.0,0.0,0.0,fused,float,float,offset,r2,512,float-buffer,offset-list,0.0,0.0,0.0,0.0,0.0,0.0,0.0,0.0,33178184.0,0.0,0.0,0.0,1.0,0.0,0.645,0.0,off,0.0,1.0,1.0,0,0.0,/Volumes/Discordia/perf_run/exhaustive_sweep_new/host-offset-float/perf_all_1920x1080.stderr.log,/Volumes/Discordia/perf_run/exhaustive_sweep_new/host-offset-float/perf_all_1920x1080.stdout.log
host-strided-float,OK,PASSED,exact,production-grain-no-blur,1920,1080,5,22.39,44.663,0.051,0.815,20.283,1.232,7.0,auto,1,buffer,custom,off,float,off,0.0,0.0,0.0,fused,float,float,strided,r2,512,float-buffer,offset-list,0.0,0.0,0.0,0.0,0.0,0.0,0.0,0.0,33178184.0,0.0,0.0,0.0,1.0,0.0,0.645,0.0,off,0.0,1.0,1.0,0,0.0,/Volumes/Discordia/perf_run/exhaustive_sweep_new/host-strided-float/perf_all_1920x1080.stderr.log,/Volumes/Discordia/perf_run/exhaustive_sweep_new/host-strided-float/perf_all_1920x1080.stdout.log
host-half-destination,OK,PASSED,exact,production-grain-no-blur,1920,1080,5,20.949,47.734,0.045,0.0,20.89,0.0,8.0,auto,1,buffer,custom,off,float,off,0.0,0.0,0.0,fused,float,half,contiguous,r2,512,float-buffer,offset-list,0.0,0.0,0.0,0.0,0.0,0.0,0.0,0.0,584.0,0.0,1.0,0.0,1.0,0.0,0.645,0.0,off,0.0,1.0,1.0,0,1.0,/Volumes/Discordia/perf_run/exhaustive_sweep_new/host-half-destination/perf_all_1920x1080.stderr.log,/Volumes/Discordia/perf_run/exhaustive_sweep_new/host-half-destination/perf_all_1920x1080.stdout.log
host-half-source,OK,PASSED,exact,production-grain-no-blur,1920,1080,5,21.054,47.496,0.052,0.0,20.985,0.0,8.0,auto,1,buffer,custom,off,float,off,0.0,0.0,0.0,fused,half,float,contiguous,r2,512,float-buffer,offset-list,0.0,0.0,0.0,0.0,0.0,0.0,0.0,0.0,584.0,0.0,1.0,0.0,1.0,0.0,0.645,0.0,off,0.0,1.0,1.0,0,1.0,/Volumes/Discordia/perf_run/exhaustive_sweep_new/host-half-source/perf_all_1920x1080.stderr.log,/Volumes/Discordia/perf_run/exhaustive_sweep_new/host-half-source/perf_all_1920x1080.stdout.log
host-half-io,OK,PASSED,exact,production-grain-no-blur,1920,1080,5,21.356,46.826,0.072,0.0,21.255,0.0,9.0,auto,1,buffer,custom,off,float,off,0.0,0.0,0.0,fused,half,half,contiguous,r2,512,float-buffer,offset-list,0.0,0.0,0.0,0.0,0.0,0.0,0.0,0.0,584.0,0.0,1.0,0.0,1.0,0.0,0.645,0.0,off,0.0,1.0,1.0,0,1.0,/Volumes/Discordia/perf_run/exhaustive_sweep_new/host-half-io/perf_all_1920x1080.stderr.log,/Volumes/Discordia/perf_run/exhaustive_sweep_new/host-half-io/perf_all_1920x1080.stdout.log
tg-64x4,OK,PASSED,exact,production-grain-no-blur,3840,2160,5,79.782,12.534,0.047,0.0,79.712,0.0,7.0,64x4,1,buffer,custom,off,float,off,0.0,0.0,0.0,fused,float,float,contiguous,r2,512,float-buffer,offset-list,0.0,0.0,0.0,0.0,0.0,0.0,0.0,0.0,584.0,0.0,1.0,0.0,1.0,0.0,0.642,0.0,off,0.0,1.0,1.0,0,1.0,/Volumes/Discordia/perf_run/exhaustive_sweep_new/tg-64x4/perf_all_3840x2160.stderr.log,/Volumes/Discordia/perf_run/exhaustive_sweep_new/tg-64x4/perf_all_3840x2160.stdout.log
host-offset-float,OK,PASSED,exact,production-grain-no-blur,3840,2160,5,85.474,11.699,0.04,3.281,77.981,4.166,7.0,auto,1,buffer,custom,off,float,off,0.0,0.0,0.0,fused,float,float,offset,r2,512,float-buffer,offset-list,0.0,0.0,0.0,0.0,0.0,0.0,0.0,0.0,132710984.0,0.0,0.0,0.0,1.0,0.0,0.642,0.0,off,0.0,1.0,1.0,0,0.0,/Volumes/Discordia/perf_run/exhaustive_sweep_new/host-offset-float/perf_all_3840x2160.stderr.log,/Volumes/Discordia/perf_run/exhaustive_sweep_new/host-offset-float/perf_all_3840x2160.stdout.log
host-strided-float,OK,PASSED,exact,production-grain-no-blur,3840,2160,5,87.565,11.42,0.045,3.86,78.343,5.307,7.0,auto,1,buffer,custom,off,float,off,0.0,0.0,0.0,fused,float,float,strided,r2,512,float-buffer,offset-list,0.0,0.0,0.0,0.0,0.0,0.0,0.0,0.0,132710984.0,0.0,0.0,0.0,1.0,0.0,0.642,0.0,off,0.0,1.0,1.0,0,0.0,/Volumes/Discordia/perf_run/exhaustive_sweep_new/host-strided-float/perf_all_3840x2160.stderr.log,/Volumes/Discordia/perf_run/exhaustive_sweep_new/host-strided-float/perf_all_3840x2160.stdout.log
host-half-destination,OK,PASSED,exact,production-grain-no-blur,3840,2160,5,81.717,12.237,0.039,0.0,81.659,0.0,8.0,auto,1,buffer,custom,off,float,off,0.0,0.0,0.0,fused,float,half,contiguous,r2,512,float-buffer,offset-list,0.0,0.0,0.0,0.0,0.0,0.0,0.0,0.0,584.0,0.0,1.0,0.0,1.0,0.0,0.642,0.0,off,0.0,1.0,1.0,0,1.0,/Volumes/Discordia/perf_run/exhaustive_sweep_new/host-half-destination/perf_all_3840x2160.stderr.log,/Volumes/Discordia/perf_run/exhaustive_sweep_new/host-half-destination/perf_all_3840x2160.stdout.log
host-half-source,OK,PASSED,exact,production-grain-no-blur,3840,2160,5,82.22,12.162,0.062,0.0,82.132,0.0,8.0,auto,1,buffer,custom,off,float,off,0.0,0.0,0.0,fused,half,float,contiguous,r2,512,float-buffer,offset-list,0.0,0.0,0.0,0.0,0.0,0.0,0.0,0.0,584.0,0.0,1.0,0.0,1.0,0.0,0.642,0.0,off,0.0,1.0,1.0,0,1.0,/Volumes/Discordia/perf_run/exhaustive_sweep_new/host-half-source/perf_all_3840x2160.stderr.log,/Volumes/Discordia/perf_run/exhaustive_sweep_new/host-half-source/perf_all_3840x2160.stdout.log
host-half-io,OK,PASSED,exact,production-grain-no-blur,3840,2160,5,81.426,12.281,0.037,0.0,81.364,0.0,9.0,auto,1,buffer,custom,off,float,off,0.0,0.0,0.0,fused,half,half,contiguous,r2,512,float-buffer,offset-list,0.0,0.0,0.0,0.0,0.0,0.0,0.0,0.0,584.0,0.0,1.0,0.0,1.0,0.0,0.642,0.0,off,0.0,1.0,1.0,0,1.0,/Volumes/Discordia/perf_run/exhaustive_sweep_new/host-half-io/perf_all_3840x2160.stderr.log,/Volumes/Discordia/perf_run/exhaustive_sweep_new/host-half-io/perf_all_3840x2160.stdout.log
tg-8x32,OK,PASSED,exact,production-grain-no-sublayers,1920,1080,5,26.317,37.998,0.055,0.0,26.241,0.0,9.0,8x32,1,buffer,custom,off,float,off,0.0,0.0,0.0,fused,float,float,contiguous,r2,512,float-buffer,offset-list,0.0,0.0,0.0,0.0,0.0,0.0,0.0,0.0,584.0,0.0,1.0,0.0,1.0,0.0,0.647,0.0,off,0.0,1.0,1.0,0,1.0,/Volumes/Discordia/perf_run/exhaustive_sweep_new/tg-8x32/perf_all_1920x1080.stderr.log,/Volumes/Discordia/perf_run/exhaustive_sweep_new/tg-8x32/perf_all_1920x1080.stdout.log
host-offset-float,OK,PASSED,exact,production-grain-no-sublayers,1920,1080,5,27.442,36.44,0.053,0.825,25.722,0.832,9.0,auto,1,buffer,custom,off,float,off,0.0,0.0,0.0,fused,float,float,offset,r2,512,float-buffer,offset-list,0.0,0.0,0.0,0.0,0.0,0.0,0.0,0.0,33178184.0,0.0,0.0,0.0,1.0,0.0,0.647,0.0,off,0.0,1.0,1.0,0,0.0,/Volumes/Discordia/perf_run/exhaustive_sweep_new/host-offset-float/perf_all_1920x1080.stderr.log,/Volumes/Discordia/perf_run/exhaustive_sweep_new/host-offset-float/perf_all_1920x1080.stdout.log
host-strided-float,OK,PASSED,exact,production-grain-no-sublayers,1920,1080,5,28.449,35.151,0.056,0.961,26.004,1.418,9.0,auto,1,buffer,custom,off,float,off,0.0,0.0,0.0,fused,float,float,strided,r2,512,float-buffer,offset-list,0.0,0.0,0.0,0.0,0.0,0.0,0.0,0.0,33178184.0,0.0,0.0,0.0,1.0,0.0,0.647,0.0,off,0.0,1.0,1.0,0,0.0,/Volumes/Discordia/perf_run/exhaustive_sweep_new/host-strided-float/perf_all_1920x1080.stderr.log,/Volumes/Discordia/perf_run/exhaustive_sweep_new/host-strided-float/perf_all_1920x1080.stdout.log
host-half-destination,OK,PASSED,exact,production-grain-no-sublayers,1920,1080,5,26.769,37.357,0.048,0.0,26.705,0.0,10.0,auto,1,buffer,custom,off,float,off,0.0,0.0,0.0,fused,float,half,contiguous,r2,512,float-buffer,offset-list,0.0,0.0,0.0,0.0,0.0,0.0,0.0,0.0,584.0,0.0,1.0,0.0,1.0,0.0,0.647,0.0,off,0.0,1.0,1.0,0,1.0,/Volumes/Discordia/perf_run/exhaustive_sweep_new/host-half-destination/perf_all_1920x1080.stderr.log,/Volumes/Discordia/perf_run/exhaustive_sweep_new/host-half-destination/perf_all_1920x1080.stdout.log
host-half-source,OK,PASSED,exact,production-grain-no-sublayers,1920,1080,5,26.716,37.431,0.062,0.0,26.635,0.0,10.0,auto,1,buffer,custom,off,float,off,0.0,0.0,0.0,fused,half,float,contiguous,r2,512,float-buffer,offset-list,0.0,0.0,0.0,0.0,0.0,0.0,0.0,0.0,584.0,0.0,1.0,0.0,1.0,0.0,0.647,0.0,off,0.0,1.0,1.0,0,1.0,/Volumes/Discordia/perf_run/exhaustive_sweep_new/host-half-source/perf_all_1920x1080.stderr.log,/Volumes/Discordia/perf_run/exhaustive_sweep_new/host-half-source/perf_all_1920x1080.stdout.log
host-half-io,OK,PASSED,exact,production-grain-no-sublayers,1920,1080,5,27.114,36.881,0.072,0.0,27.011,0.0,11.0,auto,1,buffer,custom,off,float,off,0.0,0.0,0.0,fused,half,half,contiguous,r2,512,float-buffer,offset-list,0.0,0.0,0.0,0.0,0.0,0.0,0.0,0.0,584.0,0.0,1.0,0.0,1.0,0.0,0.647,0.0,off,0.0,1.0,1.0,0,1.0,/Volumes/Discordia/perf_run/exhaustive_sweep_new/host-half-io/perf_all_1920x1080.stderr.log,/Volumes/Discordia/perf_run/exhaustive_sweep_new/host-half-io/perf_all_1920x1080.stdout.log
grain-blur-recurrence,OK,PASSED,exact,production-grain-no-sublayers,3840,2160,5,102.054,9.799,0.048,0.0,101.985,0.0,9.0,auto,1,buffer,custom,off,float,off,0.0,0.0,1.0,fused,float,float,contiguous,r2,512,float-buffer,offset-list,0.0,0.0,0.0,0.0,0.0,0.0,0.0,0.0,584.0,0.0,1.0,0.0,1.0,0.0,0.647,0.0,off,0.0,1.0,1.0,0,1.0,/Volumes/Discordia/perf_run/exhaustive_sweep_new/grain-blur-recurrence/perf_all_3840x2160.stderr.log,/Volumes/Discordia/perf_run/exhaustive_sweep_new/grain-blur-recurrence/perf_all_3840x2160.stdout.log
host-offset-float,OK,PASSED,exact,production-grain-no-sublayers,3840,2160,5,110.751,9.029,0.043,3.564,102.827,4.309,9.0,auto,1,buffer,custom,off,float,off,0.0,0.0,0.0,fused,float,float,offset,r2,512,float-buffer,offset-list,0.0,0.0,0.0,0.0,0.0,0.0,0.0,0.0,132710984.0,0.0,0.0,0.0,1.0,0.0,0.647,0.0,off,0.0,1.0,1.0,0,0.0,/Volumes/Discordia/perf_run/exhaustive_sweep_new/host-offset-float/perf_all_3840x2160.stderr.log,/Volumes/Discordia/perf_run/exhaustive_sweep_new/host-offset-float/perf_all_3840x2160.stdout.log
host-strided-float,OK,PASSED,exact,production-grain-no-sublayers,3840,2160,5,111.686,8.954,0.043,3.504,102.914,5.217,9.0,auto,1,buffer,custom,off,float,off,0.0,0.0,0.0,fused,float,float,strided,r2,512,float-buffer,offset-list,0.0,0.0,0.0,0.0,0.0,0.0,0.0,0.0,132710984.0,0.0,0.0,0.0,1.0,0.0,0.647,0.0,off,0.0,1.0,1.0,0,0.0,/Volumes/Discordia/perf_run/exhaustive_sweep_new/host-strided-float/perf_all_3840x2160.stderr.log,/Volumes/Discordia/perf_run/exhaustive_sweep_new/host-strided-float/perf_all_3840x2160.stdout.log
host-half-destination,OK,PASSED,exact,production-grain-no-sublayers,3840,2160,5,107.639,9.29,0.069,0.0,107.545,0.0,10.0,auto,1,buffer,custom,off,float,off,0.0,0.0,0.0,fused,float,half,contiguous,r2,512,float-buffer,offset-list,0.0,0.0,0.0,0.0,0.0,0.0,0.0,0.0,584.0,0.0,1.0,0.0,1.0,0.0,0.647,0.0,off,0.0,1.0,1.0,0,1.0,/Volumes/Discordia/perf_run/exhaustive_sweep_new/host-half-destination/perf_all_3840x2160.stderr.log,/Volumes/Discordia/perf_run/exhaustive_sweep_new/host-half-destination/perf_all_3840x2160.stdout.log
host-half-source,OK,PASSED,exact,production-grain-no-sublayers,3840,2160,5,106.46,9.393,0.044,0.0,106.394,0.0,10.0,auto,1,buffer,custom,off,float,off,0.0,0.0,0.0,fused,half,float,contiguous,r2,512,float-buffer,offset-list,0.0,0.0,0.0,0.0,0.0,0.0,0.0,0.0,584.0,0.0,1.0,0.0,1.0,0.0,0.647,0.0,off,0.0,1.0,1.0,0,1.0,/Volumes/Discordia/perf_run/exhaustive_sweep_new/host-half-source/perf_all_3840x2160.stderr.log,/Volumes/Discordia/perf_run/exhaustive_sweep_new/host-half-source/perf_all_3840x2160.stdout.log
host-half-io,OK,PASSED,exact,production-grain-no-sublayers,3840,2160,5,107.252,9.324,0.055,0.0,107.175,0.0,11.0,auto,1,buffer,custom,off,float,off,0.0,0.0,0.0,fused,half,half,contiguous,r2,512,float-buffer,offset-list,0.0,0.0,0.0,0.0,0.0,0.0,0.0,0.0,584.0,0.0,1.0,0.0,1.0,0.0,0.647,0.0,off,0.0,1.0,1.0,0,1.0,/Volumes/Discordia/perf_run/exhaustive_sweep_new/host-half-io/perf_all_3840x2160.stderr.log,/Volumes/Discordia/perf_run/exhaustive_sweep_new/host-half-io/perf_all_3840x2160.stdout.log
tg-32x8,OK,PASSED,exact,scanner-glare,1920,1080,5,10.541,94.869,0.037,0.0,10.491,0.0,9.0,32x8,1,buffer,custom,off,float,off,0.0,0.0,0.0,fused,float,float,contiguous,r2,512,float-buffer,offset-list,0.0,0.0,0.0,0.0,0.0,0.0,0.0,0.0,584.0,0.0,1.0,0.0,1.0,0.0,0.647,0.0,off,0.0,1.0,0.0,0,1.0,/Volumes/Discordia/perf_run/exhaustive_sweep_new/tg-32x8/perf_all_1920x1080.stderr.log,/Volumes/Discordia/perf_run/exhaustive_sweep_new/tg-32x8/perf_all_1920x1080.stdout.log
host-offset-float,OK,PASSED,exact,scanner-glare,1920,1080,5,11.514,86.852,0.042,0.782,9.869,0.814,9.0,auto,1,buffer,custom,off,float,off,0.0,0.0,0.0,fused,float,float,offset,r2,512,float-buffer,offset-list,0.0,0.0,0.0,0.0,0.0,0.0,0.0,0.0,33178184.0,0.0,0.0,0.0,1.0,0.0,0.647,0.0,off,0.0,1.0,0.0,0,0.0,/Volumes/Discordia/perf_run/exhaustive_sweep_new/host-offset-float/perf_all_1920x1080.stderr.log,/Volumes/Discordia/perf_run/exhaustive_sweep_new/host-offset-float/perf_all_1920x1080.stdout.log
host-strided-float,OK,PASSED,exact,scanner-glare,1920,1080,5,12.344,81.012,0.041,0.786,10.277,1.234,9.0,auto,1,buffer,custom,off,float,off,0.0,0.0,0.0,fused,float,float,strided,r2,512,float-buffer,offset-list,0.0,0.0,0.0,0.0,0.0,0.0,0.0,0.0,33178184.0,0.0,0.0,0.0,1.0,0.0,0.647,0.0,off,0.0,1.0,0.0,0,0.0,/Volumes/Discordia/perf_run/exhaustive_sweep_new/host-strided-float/perf_all_1920x1080.stderr.log,/Volumes/Discordia/perf_run/exhaustive_sweep_new/host-strided-float/perf_all_1920x1080.stdout.log
host-half-destination,OK,PASSED,exact,scanner-glare,1920,1080,5,10.733,93.172,0.037,0.0,10.678,0.0,10.0,auto,1,buffer,custom,off,float,off,0.0,0.0,0.0,fused,float,half,contiguous,r2,512,float-buffer,offset-list,0.0,0.0,0.0,0.0,0.0,0.0,0.0,0.0,584.0,0.0,1.0,0.0,1.0,0.0,0.647,0.0,off,0.0,1.0,0.0,0,1.0,/Volumes/Discordia/perf_run/exhaustive_sweep_new/host-half-destination/perf_all_1920x1080.stderr.log,/Volumes/Discordia/perf_run/exhaustive_sweep_new/host-half-destination/perf_all_1920x1080.stdout.log
host-half-source,OK,PASSED,exact,scanner-glare,1920,1080,5,10.821,92.412,0.029,0.0,10.772,0.0,10.0,auto,1,buffer,custom,off,float,off,0.0,0.0,0.0,fused,half,float,contiguous,r2,512,float-buffer,offset-list,0.0,0.0,0.0,0.0,0.0,0.0,0.0,0.0,584.0,0.0,1.0,0.0,1.0,0.0,0.647,0.0,off,0.0,1.0,0.0,0,1.0,/Volumes/Discordia/perf_run/exhaustive_sweep_new/host-half-source/perf_all_1920x1080.stderr.log,/Volumes/Discordia/perf_run/exhaustive_sweep_new/host-half-source/perf_all_1920x1080.stdout.log
host-half-io,OK,PASSED,exact,scanner-glare,1920,1080,5,11.152,89.668,0.068,0.0,11.061,0.0,11.0,auto,1,buffer,custom,off,float,off,0.0,0.0,0.0,fused,half,half,contiguous,r2,512,float-buffer,offset-list,0.0,0.0,0.0,0.0,0.0,0.0,0.0,0.0,584.0,0.0,1.0,0.0,1.0,0.0,0.647,0.0,off,0.0,1.0,0.0,0,1.0,/Volumes/Discordia/perf_run/exhaustive_sweep_new/host-half-io/perf_all_1920x1080.stderr.log,/Volumes/Discordia/perf_run/exhaustive_sweep_new/host-half-io/perf_all_1920x1080.stdout.log
grain-blur-recurrence,OK,PASSED,exact,scanner-glare,3840,2160,5,39.504,25.314,0.047,0.0,39.434,0.0,9.0,auto,1,buffer,custom,off,float,off,0.0,0.0,1.0,fused,float,float,contiguous,r2,512,float-buffer,offset-list,0.0,0.0,0.0,0.0,0.0,0.0,0.0,0.0,584.0,0.0,1.0,0.0,1.0,0.0,0.647,0.0,off,0.0,1.0,0.0,0,1.0,/Volumes/Discordia/perf_run/exhaustive_sweep_new/grain-blur-recurrence/perf_all_3840x2160.stderr.log,/Volumes/Discordia/perf_run/exhaustive_sweep_new/grain-blur-recurrence/perf_all_3840x2160.stdout.log
host-offset-float,OK,PASSED,exact,scanner-glare,3840,2160,5,43.557,22.958,0.042,3.112,37.258,3.14,9.0,auto,1,buffer,custom,off,float,off,0.0,0.0,0.0,fused,float,float,offset,r2,512,float-buffer,offset-list,0.0,0.0,0.0,0.0,0.0,0.0,0.0,0.0,132710984.0,0.0,0.0,0.0,1.0,0.0,0.647,0.0,off,0.0,1.0,0.0,0,0.0,/Volumes/Discordia/perf_run/exhaustive_sweep_new/host-offset-float/perf_all_3840x2160.stderr.log,/Volumes/Discordia/perf_run/exhaustive_sweep_new/host-offset-float/perf_all_3840x2160.stdout.log
host-strided-float,OK,PASSED,exact,scanner-glare,3840,2160,5,44.528,22.458,0.042,3.111,37.263,4.107,9.0,auto,1,buffer,custom,off,float,off,0.0,0.0,0.0,fused,float,float,strided,r2,512,float-buffer,offset-list,0.0,0.0,0.0,0.0,0.0,0.0,0.0,0.0,132710984.0,0.0,0.0,0.0,1.0,0.0,0.647,0.0,off,0.0,1.0,0.0,0,0.0,/Volumes/Discordia/perf_run/exhaustive_sweep_new/host-strided-float/perf_all_3840x2160.stderr.log,/Volumes/Discordia/perf_run/exhaustive_sweep_new/host-strided-float/perf_all_3840x2160.stdout.log
host-half-destination,OK,PASSED,exact,scanner-glare,3840,2160,5,41.208,24.267,0.109,0.0,41.064,0.0,10.0,auto,1,buffer,custom,off,float,off,0.0,0.0,0.0,fused,float,half,contiguous,r2,512,float-buffer,offset-list,0.0,0.0,0.0,0.0,0.0,0.0,0.0,0.0,584.0,0.0,1.0,0.0,1.0,0.0,0.647,0.0,off,0.0,1.0,0.0,0,1.0,/Volumes/Discordia/perf_run/exhaustive_sweep_new/host-half-destination/perf_all_3840x2160.stderr.log,/Volumes/Discordia/perf_run/exhaustive_sweep_new/host-half-destination/perf_all_3840x2160.stdout.log
host-half-source,OK,PASSED,exact,scanner-glare,3840,2160,5,40.416,24.743,0.039,0.0,40.351,0.0,10.0,auto,1,buffer,custom,off,float,off,0.0,0.0,0.0,fused,half,float,contiguous,r2,512,float-buffer,offset-list,0.0,0.0,0.0,0.0,0.0,0.0,0.0,0.0,584.0,0.0,1.0,0.0,1.0,0.0,0.647,0.0,off,0.0,1.0,0.0,0,1.0,/Volumes/Discordia/perf_run/exhaustive_sweep_new/host-half-source/perf_all_3840x2160.stderr.log,/Volumes/Discordia/perf_run/exhaustive_sweep_new/host-half-source/perf_all_3840x2160.stdout.log
host-half-io,OK,PASSED,exact,scanner-glare,3840,2160,5,40.791,24.515,0.034,0.0,40.734,0.0,11.0,auto,1,buffer,custom,off,float,off,0.0,0.0,0.0,fused,half,half,contiguous,r2,512,float-buffer,offset-list,0.0,0.0,0.0,0.0,0.0,0.0,0.0,0.0,584.0,0.0,1.0,0.0,1.0,0.0,0.647,0.0,off,0.0,1.0,0.0,0,1.0,/Volumes/Discordia/perf_run/exhaustive_sweep_new/host-half-io/perf_all_3840x2160.stderr.log,/Volumes/Discordia/perf_run/exhaustive_sweep_new/host-half-io/perf_all_3840x2160.stdout.log
scratch-shared,OK,PASSED,exact,scanner-only,1920,1080,5,6.904,144.843,0.028,0.0,6.863,0.0,9.0,auto,1,buffer,custom,off,float,off,0.0,0.0,0.0,fused,float,float,contiguous,r2,512,float-buffer,offset-list,0.0,0.0,0.0,0.0,0.0,0.0,0.0,0.0,584.0,0.0,1.0,0.0,1.0,0.0,0.277,0.0,off,0.0,0.0,0.0,0,1.0,/Volumes/Discordia/perf_run/exhaustive_sweep_new/scratch-shared/perf_all_1920x1080.stderr.log,/Volumes/Discordia/perf_run/exhaustive_sweep_new/scratch-shared/perf_all_1920x1080.stdout.log
host-offset-float,OK,PASSED,exact,scanner-only,1920,1080,5,7.76,128.859,0.043,0.787,6.121,0.804,9.0,auto,1,buffer,custom,off,float,off,0.0,0.0,0.0,fused,float,float,offset,r2,512,float-buffer,offset-list,0.0,0.0,0.0,0.0,0.0,0.0,0.0,0.0,33178184.0,0.0,0.0,0.0,1.0,0.0,0.277,0.0,off,0.0,1.0,0.0,0,0.0,/Volumes/Discordia/perf_run/exhaustive_sweep_new/host-offset-float/perf_all_1920x1080.stderr.log,/Volumes/Discordia/perf_run/exhaustive_sweep_new/host-offset-float/perf_all_1920x1080.stdout.log
host-strided-float,OK,PASSED,exact,scanner-only,1920,1080,5,8.434,118.574,0.042,0.786,6.374,1.225,9.0,auto,1,buffer,custom,off,float,off,0.0,0.0,0.0,fused,float,float,strided,r2,512,float-buffer,offset-list,0.0,0.0,0.0,0.0,0.0,0.0,0.0,0.0,33178184.0,0.0,0.0,0.0,1.0,0.0,0.277,0.0,off,0.0,1.0,0.0,0,0.0,/Volumes/Discordia/perf_run/exhaustive_sweep_new/host-strided-float/perf_all_1920x1080.stderr.log,/Volumes/Discordia/perf_run/exhaustive_sweep_new/host-strided-float/perf_all_1920x1080.stdout.log
host-half-destination,OK,PASSED,exact,scanner-only,1920,1080,5,6.991,143.038,0.036,0.0,6.942,0.0,10.0,auto,1,buffer,custom,off,float,off,0.0,0.0,0.0,fused,float,half,contiguous,r2,512,float-buffer,offset-list,0.0,0.0,0.0,0.0,0.0,0.0,0.0,0.0,584.0,0.0,1.0,0.0,1.0,0.0,0.277,0.0,off,0.0,1.0,0.0,0,1.0,/Volumes/Discordia/perf_run/exhaustive_sweep_new/host-half-destination/perf_all_1920x1080.stderr.log,/Volumes/Discordia/perf_run/exhaustive_sweep_new/host-half-destination/perf_all_1920x1080.stdout.log
host-half-source,OK,PASSED,exact,scanner-only,1920,1080,5,6.968,143.506,0.028,0.0,6.929,0.0,10.0,auto,1,buffer,custom,off,float,off,0.0,0.0,0.0,fused,half,float,contiguous,r2,512,float-buffer,offset-list,0.0,0.0,0.0,0.0,0.0,0.0,0.0,0.0,584.0,0.0,1.0,0.0,1.0,0.0,0.277,0.0,off,0.0,1.0,0.0,0,1.0,/Volumes/Discordia/perf_run/exhaustive_sweep_new/host-half-source/perf_all_1920x1080.stderr.log,/Volumes/Discordia/perf_run/exhaustive_sweep_new/host-half-source/perf_all_1920x1080.stdout.log
host-half-io,OK,PASSED,exact,scanner-only,1920,1080,5,7.57,132.102,0.052,0.0,7.498,0.0,11.0,auto,1,buffer,custom,off,float,off,0.0,0.0,0.0,fused,half,half,contiguous,r2,512,float-buffer,offset-list,0.0,0.0,0.0,0.0,0.0,0.0,0.0,0.0,584.0,0.0,1.0,0.0,1.0,0.0,0.277,0.0,off,0.0,1.0,0.0,0,1.0,/Volumes/Discordia/perf_run/exhaustive_sweep_new/host-half-io/perf_all_1920x1080.stderr.log,/Volumes/Discordia/perf_run/exhaustive_sweep_new/host-half-io/perf_all_1920x1080.stdout.log
grain-blur-recurrence,OK,PASSED,exact,scanner-only,3840,2160,5,24.985,40.024,0.045,0.0,24.917,0.0,9.0,auto,1,buffer,custom,off,float,off,0.0,0.0,1.0,fused,float,float,contiguous,r2,512,float-buffer,offset-list,0.0,0.0,0.0,0.0,0.0,0.0,0.0,0.0,584.0,0.0,1.0,0.0,1.0,0.0,0.277,0.0,off,0.0,1.0,0.0,0,1.0,/Volumes/Discordia/perf_run/exhaustive_sweep_new/grain-blur-recurrence/perf_all_3840x2160.stderr.log,/Volumes/Discordia/perf_run/exhaustive_sweep_new/grain-blur-recurrence/perf_all_3840x2160.stdout.log
host-offset-float,OK,PASSED,exact,scanner-only,3840,2160,5,30.145,33.173,0.043,3.117,23.83,3.149,9.0,auto,1,buffer,custom,off,float,off,0.0,0.0,0.0,fused,float,float,offset,r2,512,float-buffer,offset-list,0.0,0.0,0.0,0.0,0.0,0.0,0.0,0.0,132710984.0,0.0,0.0,0.0,1.0,0.0,0.277,0.0,off,0.0,1.0,0.0,0,0.0,/Volumes/Discordia/perf_run/exhaustive_sweep_new/host-offset-float/perf_all_3840x2160.stderr.log,/Volumes/Discordia/perf_run/exhaustive_sweep_new/host-offset-float/perf_all_3840x2160.stdout.log
host-strided-float,OK,PASSED,exact,scanner-only,3840,2160,5,31.104,32.15,0.046,3.109,23.849,4.094,9.0,auto,1,buffer,custom,off,float,off,0.0,0.0,0.0,fused,float,float,strided,r2,512,float-buffer,offset-list,0.0,0.0,0.0,0.0,0.0,0.0,0.0,0.0,132710984.0,0.0,0.0,0.0,1.0,0.0,0.277,0.0,off,0.0,1.0,0.0,0,0.0,/Volumes/Discordia/perf_run/exhaustive_sweep_new/host-strided-float/perf_all_3840x2160.stderr.log,/Volumes/Discordia/perf_run/exhaustive_sweep_new/host-strided-float/perf_all_3840x2160.stdout.log
host-half-destination,OK,PASSED,exact,scanner-only,3840,2160,5,27.605,36.225,0.109,0.0,27.457,0.0,10.0,auto,1,buffer,custom,off,float,off,0.0,0.0,0.0,fused,float,half,contiguous,r2,512,float-buffer,offset-list,0.0,0.0,0.0,0.0,0.0,0.0,0.0,0.0,584.0,0.0,1.0,0.0,1.0,0.0,0.277,0.0,off,0.0,1.0,0.0,0,1.0,/Volumes/Discordia/perf_run/exhaustive_sweep_new/host-half-destination/perf_all_3840x2160.stderr.log,/Volumes/Discordia/perf_run/exhaustive_sweep_new/host-half-destination/perf_all_3840x2160.stdout.log
host-half-source,OK,PASSED,exact,scanner-only,3840,2160,5,26.666,37.501,0.042,0.0,26.601,0.0,10.0,auto,1,buffer,custom,off,float,off,0.0,0.0,0.0,fused,half,float,contiguous,r2,512,float-buffer,offset-list,0.0,0.0,0.0,0.0,0.0,0.0,0.0,0.0,584.0,0.0,1.0,0.0,1.0,0.0,0.277,0.0,off,0.0,1.0,0.0,0,1.0,/Volumes/Discordia/perf_run/exhaustive_sweep_new/host-half-source/perf_all_3840x2160.stderr.log,/Volumes/Discordia/perf_run/exhaustive_sweep_new/host-half-source/perf_all_3840x2160.stdout.log
host-half-io,OK,PASSED,exact,scanner-only,3840,2160,5,27.393,36.505,0.036,0.0,27.336,0.0,11.0,auto,1,buffer,custom,off,float,off,0.0,0.0,0.0,fused,half,half,contiguous,r2,512,float-buffer,offset-list,0.0,0.0,0.0,0.0,0.0,0.0,0.0,0.0,584.0,0.0,1.0,0.0,1.0,0.0,0.277,0.0,off,0.0,1.0,0.0,0,1.0,/Volumes/Discordia/perf_run/exhaustive_sweep_new/host-half-io/perf_all_3840x2160.stderr.log,/Volumes/Discordia/perf_run/exhaustive_sweep_new/host-half-io/perf_all_3840x2160.stdout.log
